file,subject,body,to,from,heuristic_score,heuristic_bucket,heuristic_reasons,spam_label,spam_conf,category_label,vader_compound,true_priority
badeer-r/notes_inbox/81.,SI Outage,"Effective immediately, there will be an SI outage for approximately 10
minutes.  This is for both Hour Ahead and Day Ahead.

Mkt Ops (916) 351-2499

  Market Operations
  (916) 351-2499",marketstatus@caiso.com,caisomktops@caiso.com,0.6,high,urgent/critical language (+0.24); direct 1:1 email (+0.05),ham,0.1589,Work,0.477,
bass-e/discussion_threads/781.,Open Enrollment 2001 Deadline Extension,"OPEN ENROLLMENT 2001 DEADLINE EXTENDED


Due to a very heavy, last minute influx of employees trying to make elections 
and/or changes to their 2001 benefits, the open enrollment 2001 deadline has 
been extended until 5pm Central Time on Friday, November 17th.  

Please continue to access the web at www.enron.benefitsnow.com or the IVR at 
1-800-425-5864.  

You must have your 2001 open enrollment personal worksheet that contains your 
personal identification number (PIN - located in the upper right hand corner 
of your worksheet) in order to access the web or IVR.",all.states@enron.com,enron.announcements@enron.com,0.6,high,urgent/critical language (+0.24); direct 1:1 email (+0.05),ham,0.1472,Work,0.813,
bass-e/discussion_threads/1140.,DEFERRAL PROGRAM ENROLLMENT DEADLINE IS FRIDAY,"=20

This FRIDAY, DECEMBER 8, 2000 (5:00 p.m. CST) is the deadline for deferral=
=20
program enrollment.  Following the deadline, no new elections or changes to=
=20
existing elections will be accepted. =20
To learn more about your deferral program opportunities and to enroll for=
=20
2001 deferrals, access eHRonline at http://ehronline.enron.com.  (Call the=
=20
ISC Help Desk at 713-345-4727 if you need your ID or password to access the=
=20
system.)

1. Review the program descriptions (attached to the Election Form) before y=
ou=20
make your elections.
2. If you decide to defer compensation, complete the Election Form before=
=20
Friday, December 8,  2000, 5:00 p.m. CST (the enrollment dea",eligible.employees@enron.com,enron.announcements@enron.com,0.7,high,urgent/critical language (+0.24); ALL CAPS subject (+0.08); direct 1:1 email (+0.05),ham,0.1997,Work,0.752,
bass-e/_sent_mail/1268.,Re: Re:Mandell,"no i haven't driven by yet.  i would like to see the mandell house again 
before putting a contract in on it.

-e




""K. Bass"" <daphneco64@bigplanet.com> on 02/07/2001 02:45:35 PM
Please respond to ""K. Bass"" <daphneco64@bigplanet.com>
To: Eric.Bass@enron.com
cc:  
Subject: Re: Re:Mandell


Did you drive by Huldy?  If so, what did you think?

We can do a contract whenever you want.  Did you call B. Dunn?

Talk to you later.  Love, Mom
----- Original Message -----
From: <Eric.Bass@enron.com>
To: ""K. Bass"" <daphneco64@bigplanet.com>
Sent: Wednesday, February 07, 2001 11:11 AM
Subject: Re: Re:Mandell


>
> I am fine with seeing more houses before buying but was thinking that it
> might be a goo",daphneco64@bigplanet.com,eric.bass@enron.com,0.6,high,urgent/critical language (+0.12); action-required language (+0.14); reply/forward chain (-0.05); direct 1:1 email (+0.05),ham,0.0925,Personal,0.96,
allen-p/sent_items/182.,RE:,"Jacques,

If your schedule permits, 4pm or later today would work for us.  

Phillip

 -----Original Message-----
From: 	JacquesTC@aol.com@ENRON [mailto:IMCEANOTES-JacquesTC+40aol+2Ecom+40ENRON@ENRON.com] 
Sent:	Saturday, July 28, 2001 9:20 AM
To:	Allen, Phillip K.
Subject:	Re:

Phillip,
    Thanks for the prayers. Call me Monday and we will set up a time to sign
up the docs. Take care. Jacques",jacquestc@aol.com,k..allen@enron.com,0.3,low,reply/forward chain (-0.05); direct 1:1 email (+0.05),ham,0.0747,Work,0.813,
bailey-s/deleted_items/267.,FW: Select Energy and Stone Energy Corporation,"Susan: please update the Master Demand Log with the information below.  Let's make sure we DO NOT send a termination letter on Friday.  We need to attempt to resolve this payment question first.

Sara: we'll discuss this in the morning.

Thanks

Talked to Bill O'Brien today.  He contends that Select made required payments, with the exception of some holdbacks which were clearly documented and provided to Enron.  Select wants to perform under the contract until that time we can mutually negotiate an early termination.  He is faxing 26 pages of information which supports Select's previous payments.

Bill requests that Enron:
q	Provide current written payment instructions
q	If we cannot resolve","susan.bailey@enron.com, sara.shackleton@enron.com",louis.dicarlo@enron.com,0.4,medium,urgent/critical language (+0.12); reply/forward chain (-0.05),ham,0.1045,Work,0.958,
bass-e/_sent_mail/866.,Re: NO GAME TONIGHT,"I don't know.  I haven't heard anything.  You might want to talk to superfan 
( aka  Chad)





Nick Hiemstra
04/03/2000 03:31 PM
To: Eric Bass/HOU/ECT@ECT
cc:  
Subject: Re: NO GAME TONIGHT  

So who's watching the game and where?


   
	Enron North America Corp.
	
	From:  Eric Bass                           04/03/2000 03:08 PM
	

To: Brian Hoskins/HOU/ECT@ECT, Luis Mena/ENRON_DEVELOPMENT@ENRON_DEVELOPMENT, 
Amir Ahanchian/HOU/ECT@ECT, Matthew Lenhart/HOU/ECT@ECT, Timothy 
Blanchard/HOU/EES@EES, Bryan Hull/HOU/ECT@ECT, Jeffrey C Gossett/HOU/ECT@ECT, 
O'Neal D Winfree/HOU/ECT@ECT, David Baumbach/HOU/ECT@ECT, Kenneth 
Shulklapper/HOU/ECT@ECT, Nick Hiemstra/HOU/ECT@ECT
cc:  
Subject: NO GAME T",nick.hiemstra@enron.com,eric.bass@enron.com,0.4,medium,reply/forward chain (-0.05); direct 1:1 email (+0.05); strongly negative/distressed sentiment (+0.15),ham,0.059,Personal,-0.859,
bass-e/sent/577.,Kristen's b-day,who do you want me to invite and for what time?,shanna.husser@enron.com,eric.bass@enron.com,0.3,low,direct 1:1 email (+0.05),ham,0.1619,Personal,0.226,
arnold-j/_sent_mail/150.,small ventures usa,"Russell:
I think I should give you a little background on small ventures.  Bill 
Perkins and I have a strong personal and professional relationship.  He is an 
extremely creative individual.  Whalley actually commented on him today as 
someone ""who thinks outside the box"".  Bill actually sat in a bar four years 
and said the next tradeable market would be bandwidth.  He has been 
successful in the gas business when he has had someone to filter his ideas.  
As such he provides an informal consulting role to Enron.  He throws out 
ideas and, every once in a while, he comes up with a great one.  He pointed 
out an anomalous pricing occurence in the options market, a market I normally 
don't fol",russell.diamond@enron.com,john.arnold@enron.com,0.6,high,urgent/critical language (+0.24); direct 1:1 email (+0.05),ham,0.1651,Work,0.982,
baughman-d/deleted_items/27.,ALERT!!,"There will be a UBSWE Migration TONIGHT....please make sure that you LOG OFF before you leave today.  

Monday morning, (2/4/02), you will logon with your Enron NT Account and Password.  You will immediately be forced to change your password (following Enron rules) and your NT ID will stay the same.  Once you've changed your password, and logged off AGAIN, you will see the UBS Warburg Energy Screen....email will not be affected until day one.

Starting Monday, you will receive emails from IT support to explain the HOW TO's for your data that YOU  will need to begin transferring over to UBS.  All material will need to be in compliance with UBS standards and NO documents or emails are to be de"," /o=enron/ou=na/cn=recipients/cn=notesaddr/cn=a478079f-55e1f3b0-862566fa-612229@enron.com, diana.allen@enron.com, debra.bailey@enron.com, russell.ballato@enron.com, ted.ballinger@enron.com, don.baughman@enron.com, robert.benson@enron.com, corry.bentley@enron.com, jae.black@enron.com, lisa.burnett@enron.com, mike.carson@enron.com, alan.chen@enron.com, jason.choate@enron.com, kevin.cline@enron.com, dana.davis@enron.com, l..day@enron.com, joe.errigo@enron.com, l..garcia@enron.com, doug.gilbert-smith@enron.com, gustavo.giron@enron.com, claudia.guerra@enron.com, patrick.hanse@enron.com, rika.imai@enron.com, jason.kaniss@enron.com, jeff.king@enron.com, john.kinser@enron.com, carrie.larkworthy@enron.com, peter.makkai@enron.com, mauricio.marquez@enron.com, jeffrey.miller@enron.com, seung-taek.oh@enron.com, willis.philip@enron.com, m..presto@enron.com, david.ryan@enron.com, eric.saibi@enron.com, paul.schiavone@enron.com, bryce.schneider@enron.com, michael.seely@enron.com, robert.stalford@enron.com, j..sturm@enron.com, mark.symms@enron.com, d..thomas@enron.com, larry.valderrama@enron.com, maria.valdes@enron.com, steve.wang@enron.com, lloyd.will@enron.com, ryan.williams@enron.com",jae.black@enron.com,0.4,medium,2 exclamation(s) in subject (+0.10); ALL CAPS subject (+0.08); broadcast to 47 recipients (-0.12),ham,0.1258,Work,0.863,
bass-e/deleted_items/216.,Supplemental Weekend Outage Report for 1-05-02 through 1-07-02,"_________________________________________________________________ 

WEEKEND SYSTEMS AVAILABILITY

FOR

1/4/2002 5:00:00 PM through 1/7/2002 12:00:00 AM 
_________________________________________________________________ 
SCHEDULED SYSTEM OUTAGES: 

ARDMORE DATA CENTER - FACILITY OPERATIONS:

Impact: Corp 
Time: Sat 1/5/2002 2:00:00 PM CT thru Sat 1/5/2002 3:00:00 PM CT
Sat 1/5/2002 12:00:00 PM PT thru Sat 1/5/2002 1:00:00 PM PT
Sat 1/5/2002 8:00:00 PM London thru Sat 1/5/2002 9:00:00 PM London
Outage: SysAdmiral Fault Tolerance Split for Netco/Estate 
Environments Impacted: The outage the sysAdmiral Application will be brief and should not directly affect any applications. 
Purpose: We are Sp",,no.address@enron.com,0.7,high,urgent/critical language (+0.24); strongly negative/distressed sentiment (+0.15),ham,0.1035,Work,-0.751,
arnold-j/deleted_items/757.,CFTC commitment of traders summary for Nat Gas,"Attached please find this weeks summary of the CFTC commitment of traders
data.

Thanks,

Bob McKinney

 - CFTC-NG-11-27-01.doc",bob.mckinney@capstone-ta.com,capstone@ktc.com,0.3,low,direct 1:1 email (+0.05),ham,0.0977,Work,0.856,
arnold-j/sent/306.,Re: Give Up Agreements: Banc One,"Mary:
These agreements are acceptable.  Please sign the give up agreements with 
Banc One.
John




MARY COOK
07/19/2000 02:30 PM
To: John Arnold/HOU/ECT@ECT, Sarah Wesner/Corp/Enron@Enron
cc:  
Subject: Give Up Agreements:  Banc One

I have received the executed counterparts of the Give Up Agreements from Banc 
One for our signature contemplating several executing brokers.  It is my 
understanding that trades were recently pulled from Banc One and therefore, 
these agreements may not now be warranted.   John, please advise me regarding 
whether you will want to sign these agreements with Banc One or not.  Thank 
you.  Mary Cook  ENA Legal",mary.cook@enron.com,john.arnold@enron.com,0.4,medium,action-required language (+0.07); reply/forward chain (-0.05); direct 1:1 email (+0.05),ham,0.0984,Work,0.946,
allen-p/discussion_threads/540.,California Update 5/4/01,"---------------------- Forwarded by Phillip K Allen/HOU/ECT on 05/07/2001 
06:54 AM ---------------------------
From: Kristin Walsh/ENRON@enronXgate on 05/04/2001 04:32 PM CDT
To: John J Lavorato/ENRON@enronXgate, Louise Kitchen/HOU/ECT@ECT
cc: Phillip K Allen/HOU/ECT@ECT, Tim Belden/ENRON@enronXgate, Jeff 
Dasovich/NA/Enron@Enron, Chris Gaskill/ENRON@enronXgate, Mike 
Grigsby/HOU/ECT@ECT, Tim Heizenrader/ENRON@enronXgate, Vince J 
Kaminski/HOU/ECT@ECT, Steven J Kean/NA/Enron@Enron, Rob 
Milnthorp/CAL/ECT@ECT, Kevin M Presto/HOU/ECT@ECT, Claudio 
Ribeiro/ENRON@enronXgate, Richard Shapiro/NA/Enron@Enron, James D 
Steffes/NA/Enron@Enron, Mark Tawney/ENRON@enronXgate, Scott 
Tholan/ENRON@enronX",keith.holst@enron.com,phillip.allen@enron.com,0.7,high,urgent/critical language (+0.24); direct 1:1 email (+0.05); strongly negative/distressed sentiment (+0.15),ham,0.1029,Work,-0.827,
bass-e/notes_inbox/597.,"Japan, India and California, too?","Enron opens an office in Japan.  Get the details in eBiz.

Also in this issue:
FERC suggests overhaul for California
ENA's focus on upstream services
Cyber Cafe in Dabhol

It's all in the latest eBiz.  Go to home.enron.com, click Publications, then 
click eBiz, and ""eBiz November 3, 2000.""",all.worldwide@enron.com,enron.announcements@enron.com,0.4,medium,question in subject (+0.04); direct 1:1 email (+0.05),ham,0.113,Work,0.0,
bass-e/discussion_threads/121.,5 X 24,"Dale,

Have you heard anything more on the 5 X 24s?  We would like to get this 
product out ASAP.


Thanks,

Eric",dale.neuner@enron.com,eric.bass@enron.com,0.6,high,urgent/critical language (+0.12); ALL CAPS subject (+0.08); direct 1:1 email (+0.05),ham,0.0958,Work,0.66,
allen-p/all_documents/182.,ENA Management Committee,"---------------------- Forwarded by Phillip K Allen/HOU/ECT on 08/16/2000 
10:58 AM ---------------------------
   
	
	
	From:  David W Delainey                           08/15/2000 01:28 PM
	

Sent by: Kay Chapman
To: Tim Belden/HOU/ECT@ECT, Kevin M Presto/HOU/ECT@ECT, John 
Arnold/HOU/ECT@ECT, Scott Neal/HOU/ECT@ECT, Hunter S Shively/HOU/ECT@ECT, 
Phillip K Allen/HOU/ECT@ECT, Janet R Dietrich/HOU/ECT@ECT, Christopher F 
Calger/PDX/ECT@ECT, W David Duran/HOU/ECT@ECT, Raymond Bowen/HOU/ECT@ECT, 
Jeff Donahue/HOU/ECT@ECT, Brian Redmond/HOU/ECT@ECT, C John 
Thompson/Corp/Enron@ENRON, Scott Josey/Corp/Enron@ENRON, Rob 
Milnthorp/CAL/ECT@ECT, Max Yzaguirre/NA/Enron@ENRON, Beth 
Perlman/HOU/ECT@E",ina.rangel@enron.com,phillip.allen@enron.com,0.6,high,action-required language (+0.07); direct 1:1 email (+0.05); strongly negative/distressed sentiment (+0.15),ham,0.0525,Work,-0.697,
arnold-j/all_documents/411.,URGENT NOTICE: Executive Impact & Influence 9/21-22 Program - FSD,"Can you handle this please?
---------------------- Forwarded by John Arnold/HOU/ECT on 08/30/2000 03:31 
PM ---------------------------
   
	Enron North America Corp.
	
	From:  Debbie Nowak @ ENRON                           08/30/2000 02:12 PM
	

To: Jeffery Ader/HOU/ECT@ECT, Phillip K Allen/HOU/ECT@ECT, John 
Arnold/HOU/ECT@ECT, Harry Arora/HOU/ECT@ECT, Hap Boyd/EWC/Enron@Enron, Shawn 
Cumberland/ENRON_DEVELOPMENT@ENRON_DEVELOPMENT, Mark Dobler/NA/Enron@Enron, 
Joe Hartsoe/Corp/Enron@ENRON, Paul Kaufman/PDX/ECT@ECT, John 
Lamb/EWC/Enron@ENRON, John J Lavorato/Corp/Enron@Enron, Jeff 
Messina/HOU/EES@EES, Bob Miele/EFS/EES@EES, Jean Mrha/NA/Enron@Enron, MACK 
SHIVELY/ENRON@Gateway, Jude Tatar",ina.rangel@enron.com,john.arnold@enron.com,0.6,high,urgent/critical language (+0.24); direct 1:1 email (+0.05),ham,0.0789,Work,0.771,
bass-e/_sent_mail/937.,Texas Gas Trading Employee Appreciation Night,"Did you get this?
---------------------- Forwarded by Eric Bass/HOU/ECT on 03/06/2000 10:11 AM 
---------------------------


Barbara Lewis
03/06/2000 09:00 AM
To: Lauri A Allen/HOU/ECT@ECT, William C Falbaum/HOU/ECT@ECT, Daren J 
Farmer/HOU/ECT@ECT, Edward D Gottlob/HOU/ECT@ECT, Brenda F Herod/HOU/ECT@ECT, 
Gary W Lamphier/HOU/ECT@ECT, Thomas A Martin/HOU/ECT@ECT, Greg 
McClendon/HOU/ECT@ECT, Carey M Metz/HOU/ECT@ECT, Michael W 
Morris/HOU/ECT@ECT, Lee L Papayoti/HOU/ECT@ECT, Jim Schwieger/HOU/ECT@ECT, 
Elsa Villarreal/HOU/ECT@ECT, Jennifer Sabine/HOU/ECT@ECT, Janet H 
Wallis/HOU/ECT@ECT, Kenneth Seaman/HOU/ECT@ECT, Ami Chokshi/Corp/Enron@ENRON, 
Eric Bass/HOU/ECT@ECT
cc:  
Subject: Texas G","david.baumbach@enron.com, o'neal.winfree@enron.com, bryan.hull@enron.com,  michael.walters@enron.com",eric.bass@enron.com,0.4,medium,urgent/critical language (+0.12),ham,0.0614,Work,0.979,
arnold-j/deleted_items/167.,Follow up for Hardware Request....,"Just emailing to verify that there are no problems with the desktop unit that was deployed to your location on 10-2-01...

Hardware Deployment, 

Ricky Collier",john.arnold@enron.com,ricky.collier@enron.com,0.4,medium,action-required language (+0.07); direct 1:1 email (+0.05),ham,0.1371,Work,0.309,
bass-e/all_documents/1137.,RE: Engram,"engram is ramiro's 4th receiver, you don't get a starting rb (the 10th best i 
might add) for a backup WR.  

the reason i want engram so bad is b/c i have his qb and i think he will have 
a pretty good year.

by the way engram was picked the 8th round, dillon in the 2nd.

so don't give me any of that




""Bass, Jason"" <Jason.Bass2@COMPAQ.com> on 08/24/2000 07:08:34 AM
To: ""'Eric Bass'"" <Eric.Bass@enron.com>
cc:  
Subject: RE: Engram


Ramiro believes Engram is going to have a very good year.  He needs a
Running Back.  I don't think he is being ridiculous.  Engram may be ranked
30th now, but you obviously believe he is a little better than that or you
wouldn't want him so bad.

Jason Bass
TS",jason.bass2@compaq.com,eric.bass@enron.com,0.3,low,reply/forward chain (-0.05); direct 1:1 email (+0.05),ham,0.0616,Personal,0.838,
arora-h/deleted_items/55.,Weekend Outage Report for 11-21-01 through 11-25-01,"------------------------------------------------------------------------------------------------------
W E E K E N D   S Y S T E M S   A V A I L A B I L I T Y

F O R

November 21, 2001 5:00pm through November 26, 2001 12:00am
------------------------------------------------------------------------------------------------------

SCHEDULED SYSTEM OUTAGES: 

ARDMORE DATA CENTER - FACILITY OPERATIONS: No Scheduled Outages.

AZURIX: No Scheduled Outages.

EB34 DATA CENTER - FACILITY OPERATIONS: No Scheduled Outages.

EDI SERVER: No Scheduled Outages.
 
EES: 
Impact:  EES
Time:  Sat 11/24/2001 at  10:30:00 PM CT thru Sun 11/25/2001 at  6:30:00 AM CT
	Sat 11/24/2001 at    8:30:00 PM PT thru Sun 11/",,no.address@enron.com,0.7,high,urgent/critical language (+0.24); strongly negative/distressed sentiment (+0.15),ham,0.1122,Other,-0.604,
baughman-d/all_documents/268.,,"---------------------- Forwarded by Kayne Coulter/HOU/ECT on 03/22/2001 04:51 
PM ---------------------------


Jon Paul Lewis
03/21/2001 09:01 AM
To: Kayne Coulter/HOU/ECT@ECT
cc:  
Subject: 

Kayne,  

We are still having problems in the morning with the Hourly books not being 
flat.  Could you please talk to the guys again and stress the importance of 
flattening the books.  We are having to run our reports multiple times which 
causes us to spend most of our morning dealing with these issues.  Again, I 
think the guys need to know that we have a 12 pm deadline.  If we are late, 
our group gets written up and we have to report why we were late.  

Thanks for you help.

J.P.","don.baughman@enron.com, larry.jester@enron.com, juan.hernandez@enron.com,  narsimha.misra@enron.com",kayne.coulter@enron.com,0.4,medium,urgent/critical language (+0.12),ham,0.0698,Work,0.599,
baughman-d/inbox/312.,scheduler's by region,"Don,

Wanted to e-mail you what schedulers are doing what regions so your hourly guys will know for scheduling problems.

Cinergy-			Pat Hanse	

TVA/SOCO/Florida/JEA-		Larry Campbell

Comed-				Ashish Mahajan

Entergy-			Gretchen Lotz

MAPP-				Matt Lorenz

PJM-				Lisa Burnett

Nepool-				Anubhav Aggarwal


I back up every region, so when in doubt, they can call me.

Thanks,

Jason",don.baughman@enron.com,jason.choate@enron.com,0.4,medium,direct 1:1 email (+0.05); negative sentiment (+0.08),ham,0.1031,Work,-0.374,
bass-e/sent/522.,SAP Logon ID and Password,"How do I go about getting my logon id and password?  I seem to have deleted 
the e-mail that was sent out.


Thanks,


Eric Bass 
x30977",sap.coe@enron.com,eric.bass@enron.com,0.3,low,direct 1:1 email (+0.05),ham,0.1205,Personal,0.44,
allen-p/deleted_items/204.,"Reminder: JDSU Q1 Earnings Announcement on October 25, 2001","If you cannot read this email, please click here .=20

Earnings.com - JDSU Earnings Detail
Earnings.com =09[IMAGE] =09
=09  JDS Uniphase Corporation(JDSU)              [IMAGE] View Today's Earni=
ngs Announcements        Earnings Date Upcoming Announcement October 25, 20=
01  AFTER MARKET    Add This Event To My Calendar    Upcoming Conference Ca=
ll October 25, 2001 4:30PM [IMAGE]  Add This Event To My Calendar  Last Con=
ference Call July 26, 2001 4:30PM Click To Listen     Note: All times are E=
astern Standard Time (EST)     Consensus EPS Estimate This Qtr Jun 2001 Nex=
t Qtr Sep 2001 This Fiscal Year Jun 2001 Next Fiscal Year Jun 2002 Avg Esti=
matem (mean) $0.01 $0.01 $0.50 $0.13 # of ",pallen@enron.com,webmaster@earnings.com,0.4,medium,action-required language (+0.07); direct 1:1 email (+0.05),ham,0.2665,Other,0.758,
arnold-j/_sent_mail/403.,Re: waiting,"Expected value of game = 1/2 * 0 + 1/4 * 1 + 1/8 *2 + 1/16 *4 +1/32 * 8+....
       = 0       +.25  +.25 +.25 +.25  +...
       = infinity





""Eva Pao"" <epao@mba2002.hbs.edu> on 05/13/2001 03:11:46 PM
Please respond to <epao@mba2002.hbs.edu>
To: <John.Arnold@enron.com>
cc:  
Subject: waiting




-----Original Message-----
From: John.Arnold@enron.com [mailto:John.Arnold@enron.com]
Sent: Sunday, May 13, 2001 4:37 PM
To: epao@mba2002.hbs.edu
Subject: Re: Extra credit



rules to a game:
You flip a coin. If you get tails you win 0.  if you get heads, i give you
$1.  Keep flipping until you get a tails, at which point you walk away with
the money.  however, each heads you get after the first yo",epao@mba2002.hbs.edu,john.arnold@enron.com,0.4,medium,action-required language (+0.07); reply/forward chain (-0.05); direct 1:1 email (+0.05),ham,0.1529,Personal,0.956,
arnold-j/sent/499.,Re: Pay all bills with just 1 monthly payment! [y5i64],"fuck you




<mn49@msn.com> on 04/16/2001 11:09:55 AM
Please respond to francielou3224@comic.com
To: uo2fnw@msn.com
cc:  
Subject: Pay all bills with just 1 monthly 
payment!                                                   [y5i64]


  Got debt? We can help using Debt Consolidation!

If you owe $10,000 USD or more, consolidate your debt
into just 1 payment and let us handle the rest!
Wouldn't it be nice to have to worry about just 1
fee instead of half a dozen? We think so too.

- You do not have to own a home
- You do not need another loan
- No credit checks required
- Approval within 3 business days
- Available to all US citizens

For a FREE, no obligation, consultation, please fill
out t",francielou3224@comic.com,john.arnold@enron.com,0.1,low,action-required language (+0.07); 1 exclamation(s) in subject (+0.05); reply/forward chain (-0.05); direct 1:1 email (+0.05); classified as spam (conf=0.53) — priority suppressed (-0.30),spam,0.5322,Personal,0.877,
allen-p/_sent_mail/137.,,"Lucy,


You wrote fewer checks this month.  Spent more money on Materials and less on 
Labor.


   June  July  August

Total Materials  2929  4085  4801

Services  53  581  464

Labor   3187  3428  2770






Here are my questions on the August bank statement (attached):

1.  Check 1406  Walmart    Description and unit?

2.  Check 1410  Crumps     Detail description and unit?

3.  Check 1411  Lucy      What is this?

4.  Check 1415  Papes      Detail description and units?

5.  Checks 1416, 1417, and 1425  Why overtime?

6.  Check 1428    Ralph's   What unit?

7.  Check 1438    Walmart?    Description and unit?  


Try and pull together the support for these items and get back to me.

Philli",stagecoachmama@hotmail.com,phillip.allen@enron.com,0.3,low,direct 1:1 email (+0.05),ham,0.1291,Personal,0.566,
bass-e/notes_inbox/266.,Gas Fundamentals Website Update,"---------------------- Forwarded by Laura Harder/Corp/Enron on 11/28/2000 
08:47 AM ---------------------------
   
	Enron North America Corp.
	
	From:  Amanda Huble                           11/28/2000 08:46 AM
	

To: Becky Young/NA/Enron@Enron, Laura Harder/Corp/Enron@Enron, Jessica 
Presas/Corp/Enron@ENRON, Ina Rangel/HOU/ECT@ECT, Airam Arteaga/HOU/ECT@ECT, 
Kimberly Brown/HOU/ECT@ECT
cc:  

Subject: Gas Fundamentals Website Update

Please forward to your groups!

Thank you, 
Amanda Huble 
---------------------- Forwarded by Amanda Huble/NA/Enron on 11/28/2000 08:42 
AM ---------------------------


David Dronet
11/28/2000 08:41 AM
To: Amanda Huble/NA/Enron@Enron
cc:  

Subject: Gas Funda","thomas.martin@enron.com, jim.schwieger@enron.com, james.mckay@enron.com,  greg.mcclendon@enron.com, elsa.villarreal@enron.com, daren.farmer@enron.com, liz.bellamy@enron.com, stacey.neuweiler@enron.com, carey.metz@enron.com, gary.lamphier@enron.com, danny.conner@enron.com, eric.bass@enron.com, edward.gottlob@enron.com, lauri.allen@enron.com, janet.wallis@enron.com",laura.harder@enron.com,0.2,low,broadcast to 15 recipients (-0.12),ham,0.1083,Work,0.873,
allen-p/_sent_mail/476.,,"Lucy,

Here are few questions regarding the 2/16 rentroll:

#2  Has she actually paid the $150 deposit.  Her move in date was 2/6.  It is 
not on any rentroll that I can see.

#9  Explain again what deposit and rent is transferring from #41 and when she 
will start paying on #9

#15  Since he has been such a good tenant for so long.  Stop trying to 
collect the $95 in question.

#33  Missed rent.  Are they still there?

#26  I see that she paid a deposit.  But the file says she moved in on 1/30.  
Has she ever paid rent?  I can't find any on the last three deposits.

#44  Have the paid for February?  There is no payment since the beginning of 
the year.

#33  You email said they paid $140 on",stagecoachmama@hotmail.com,phillip.allen@enron.com,0.6,high,urgent/critical language (+0.12); direct 1:1 email (+0.05); strongly negative/distressed sentiment (+0.15),ham,0.123,Work,-0.885,
arnold-j/sent/626.,Enron Mentions - 03-04-01,"---------------------- Forwarded by John Arnold/HOU/ECT on 03/06/2001 07:48 
AM ---------------------------
From: Ann M Schmidt@ENRON on 03/05/2001 08:23 AM
To: Ann M Schmidt/Corp/Enron@ENRON
cc:  (bcc: John Arnold/HOU/ECT)
Subject: Enron Mentions - 03-04-01

Utility Deregulation: Square Peg, Round Hole?
The New York Times, 03/04/01

3 Executives Considered to Head Military
Los Angeles Times, 03/04/01

Bush leaning toward execs for military
The Seattle Times, 03/04/01

Enron's Chief Denies Role as Energy Villain / Critics regard Kenneth Lay as 
deregulation opportunist
The San Francisco Chronicle, 03/04/01

Enron boss says he's not to blame for profits in energy crisis
Associated Press Newsw",greg.whalley@enron.com,john.arnold@enron.com,0.6,high,urgent/critical language (+0.12); direct 1:1 email (+0.05); strongly negative/distressed sentiment (+0.15),ham,0.1001,Other,-0.904,
baughman-d/inbox/4.,RE: directories,"Don,

Please determine if you want the following information

Rika 
M:\Electric\Transmission		

 -----Original Message-----
From: 	Bailey, Debra  
Sent:	Wednesday, February 06, 2002 2:30 PM
To:	Furrow, Dale
Cc:	Will, Lloyd; Bentley, Corry; Imai, Rika
Subject:	directories 

Dale,

I checked the following directories you requested in our meeting today.  See my notes below:

M:\Electric\Genco			All of the Genco files must stay with the estate
M:\Electric\NERC Reports		Rika Imai will move over to UBS
M:\Electric\Transmission		Rika Imai will move over to UBS
M:\eServices\Genco			All of the Genco files must stay with the estate
M:\Electric\MidMarket\Transmission Info 
M:\Electric\MidMarket\Transmi","debra.bailey@enron.com, don.baughman@enron.com",rika.imai@enron.com,0.2,low,reply/forward chain (-0.05),ham,0.0972,Work,0.856,
arnold-j/deleted_items/698.,Weekend Outage Report for 11-21-01 through 11-25-01,"------------------------------------------------------------------------------------------------------
W E E K E N D   S Y S T E M S   A V A I L A B I L I T Y

F O R

November 21, 2001 5:00pm through November 26, 2001 12:00am
------------------------------------------------------------------------------------------------------

SCHEDULED SYSTEM OUTAGES: 

ARDMORE DATA CENTER - FACILITY OPERATIONS: No Scheduled Outages.

AZURIX: No Scheduled Outages.

EB34 DATA CENTER - FACILITY OPERATIONS: No Scheduled Outages.

EDI SERVER: No Scheduled Outages.
 
EES: 
Impact:  EES
Time:  Sat 11/24/2001 at  10:30:00 PM CT thru Sun 11/25/2001 at  6:30:00 AM CT
	Sat 11/24/2001 at    8:30:00 PM PT thru Sun 11/",,no.address@enron.com,0.7,high,urgent/critical language (+0.24); strongly negative/distressed sentiment (+0.15),ham,0.1122,Other,-0.604,
bass-e/all_documents/592.,Re: WE HAVE THE TICKETS!!!!!!!!!,"Paul Broderick just said he would ask Paul Burkhart.  He'd be good as well.


   
	
	
	From:  Eric Bass @ ECT                           11/13/2000 10:56 AM
	

To: Luis Mena/NA/Enron@ENRON
cc: Michael Simmons/HOU/ECT@ECT 

Subject: Re: WE HAVE THE TICKETS!!!!!!!!!  

Chris is out - so we need to find another.  
I don't care when we do practice, but all I am saying is the more the better!



Luis Mena@ENRON
11/13/2000 10:41 AM
To: Eric Bass/HOU/ECT@ECT
cc: Michael Simmons/HOU/ECT@ECT 
Subject: Re: WE HAVE THE TICKETS!!!!!!!!!  

How about a practice on Wednesday and a scrimmage with the other UT team on 
Thu??  I think that would produce the best results.


   
	
	
	From:  Eric Bass @ ECT     ",eric.bass@enron.com,luis.mena@enron.com,0.6,high,urgent/critical language (+0.12); action-required language (+0.07); 9 exclamation(s) in subject (+0.10); reply/forward chain (-0.05); direct 1:1 email (+0.05),ham,0.0645,Personal,0.973,
baughman-d/inbox/120.,Fire Drill Scheduled,"As required by the Houston Fire Department, a fire drill has been scheduled for the Enron Center Campus.


	Enron Center North, 1400 Smith St., approximately  3:15 PM on Thursday, December 20th, 2001

	Enron Center South, 1500 Louisiana St., approximately 3:45 PM on Thursday, December 20th, 2001

Please advise all clients, contractors, and visitors that this will be a fire drill only. The fire alarm will sound at 3:15 PM in Enron Center North and 3:45 PM in Enron Center South. You will be asked to go to the stairwell and standby.  Do not go into the stairwell.  Further instructions will be given over the public address system.  If you experience any difficulties in hearing either the fire al",,no.address@enron.com,0.5,medium,action-required language (+0.07); strongly negative/distressed sentiment (+0.15),ham,0.1054,Work,-0.869,
arnold-j/_sent_mail/716.,re: options,"Mr Sturm:
Due to the California power crisis, Enron Gas Trading is unable to extend 
sell authorization on options to Enron Power Trading.  Please call if you 
should desire to sell any options and credit will be extended on a 
trade-by-trade basis.  We apologize for any inconvience.
Sincerely:
John Arnold
Vice President, Gas Trading
Enron North America
---------------------- Forwarded by John Arnold/HOU/ECT on 02/05/2001 12:55 
PM ---------------------------


Larry May@ENRON
02/05/2001 12:51 PM
To: Stephanie Sever/HOU/ECT@ECT
cc: John Arnold/HOU/ECT@ECT, Fletcher J Sturm/HOU/ECT@ECT 
Subject: re: options

Please enable Flecther Sturm to sell options","fletcher.sturm@enron.com, larry.may@enron.com",john.arnold@enron.com,0.4,medium,urgent/critical language (+0.12); reply/forward chain (-0.05),ham,0.0645,Work,0.84,
bass-e/all_documents/479.,PreBid Meeting - Time Change,"The Pre-Bid Meeting has been moved to 3:00 on Tues, 11/21 ... it's still in 
EB30c1 though.

Laura","thomas.martin@enron.com, jim.schwieger@enron.com, james.mckay@enron.com,  greg.mcclendon@enron.com, elsa.villarreal@enron.com, daren.farmer@enron.com, lauri.allen@enron.com, eric.bass@enron.com, gary.lamphier@enron.com, danny.conner@enron.com, janet.wallis@enron.com, carey.metz@enron.com, stacey.neuweiler@enron.com, liz.bellamy@enron.com, edward.gottlob@enron.com",laura.harder@enron.com,0.2,low,broadcast to 15 recipients (-0.12),ham,0.0967,Work,0.0,
bass-e/notes_inbox/246.,Great News from Ameritrade!,"Dear Eric Bass,

Great news! You now have even more reasons to open
another Ameritradec account.

HURRY - LIMITED TIME OFFER 25 FREE TRADES AND 2
ROUND-TRIP TICKETS.
Open an additional account by January 2, 2001, and
you'll get 25 commission-free Internet equity trades
in your first month and receive two round-trip
tickets to Hawaii, Mexico, or London when you
purchase a 7-night stay at a participating hotel.
You'll also get a phone card with 60 minutes of free
long distance.  Learn more today.http://redir.cq0.net/r/default.aspTIME IS=
=20
RUNNING OUT - BEAT THE END OF YEAR TAX RUSH!
You=01,re managing your other investments, why not your
IRA? It=01,s the perfect time to open your new IRA wi",ebass@enron.com,ameritrade_011407@ameritrade.customer-email.com,0.6,high,urgent/critical language (+0.24); 1 exclamation(s) in subject (+0.05); direct 1:1 email (+0.05),ham,0.3202,Other,0.981,
allen-p/sent/101.,TIME SENSITIVE: Executive Impact & Influence Program Survey,"---------------------- Forwarded by Phillip K Allen/HOU/ECT on 09/06/2000 
02:01 PM ---------------------------


Enron-admin@FSDDataSvc.com on 09/06/2000 10:12:33 AM
To: pallen@enron.com
cc:  
Subject: TIME SENSITIVE: Executive Impact & Influence Program Survey


Executive Impact & Influence Program
* IMMEDIATE ACTION REQUIRED - Do Not Delete *

As part of the Executive Impact and Influence Program, each participant
is asked to gather input on the participant's own management styles and
practices as experienced by their immediate manager, each direct report,
and up to eight peers/colleagues.

You have been requested to provide feedback for a participant attending
the next program.  Your inp",ina.rangel@enron.com,phillip.allen@enron.com,0.7,high,urgent/critical language (+0.24); action-required language (+0.07); direct 1:1 email (+0.05),ham,0.1346,Other,0.145,
arnold-j/all_documents/150.,,"remember when you said there is a reason they call them bear spreads?

bring up a chart of f/g or g/h.   
f/g is tighter now than anytime since march 99 when ff1 was worth 2.50


amazing",greg.whalley@enron.com,john.arnold@enron.com,0.3,low,direct 1:1 email (+0.05),ham,0.1528,Work,0.691,
bass-e/deleted_items/125.,Breaking news from NewsMax,"Dear Americans,

Below is an important email from Newsmax. Check it out.

For America,

Bruce Eberle

----Original Message-----
From: Newmax.com
To: Bruce Eberle

Breaking News from NewsMax

Where Will War Break Out Next?

Israel? Korea's DMZ? Kasmir?

That's the question NewsMax magazine tries to answer in its
exciting February issue with its cover story ""Exploding
Conflicts.""

Former Stars & Stripes editor Dave Eberhart reveals in
NewsMax magazine that the world is a much more dangerous
place in the wake of 9-11.

If you want to be ahead of the curve as to the next crisis,
you can be - by subscribing to NewsMax magazine.

Plus there's much more in NewsMax magazine, including:

* Hillary's ",ebass@enron.com,info@millionsofamericans.com,0.6,high,urgent/critical language (+0.12); direct 1:1 email (+0.05); strongly negative/distressed sentiment (+0.15),ham,0.2648,Other,-0.951,
arnold-j/sent/781.,Re: 24x7 Emergency Services,"take me off your mailing list




""Piping Technology & Products, Inc."" <enews@mail.pipingtech.com> on 
01/02/2001 04:59:48 PM
To: <ptp-announcetemp@mail.pipingtech.com>
cc:  
Subject: 24x7 Emergency Services






U.S. Bellows/PT&P: Manufacturer of Expansion Joints, Compensators and more.

December  2000


[IMAGE]



www.pipingtech.com? |? www.usbellows.com? | www.swecofab.com?  




U.S. Bellows Responds to Emergency  Order from Alaska Nitrogen Products, LLC 
for a 48"" Dia. Expansion  Joint
U.S.  Bellows, Inc., the expansion joint division of Piping  Technology & 
Products, Inc., has once again shown its  dedication and devotion to its 
customers by rushing to the emergency  call of Alaska ",enews@mail.pipingtech.com,john.arnold@enron.com,0.7,high,urgent/critical language (+0.24); reply/forward chain (-0.05); direct 1:1 email (+0.05); strongly negative/distressed sentiment (+0.15),ham,0.1395,Other,-0.923,
arnold-j/_sent_mail/522.,option candlesticks as a hot link,"---------------------- Forwarded by John Arnold/HOU/ECT on 04/06/2001 12:57 
PM ---------------------------


SOblander@carrfut.com on 04/06/2001 08:36:38 AM
To: soblander@carrfut.com
cc:  
Subject: option candlesticks as a hot link


The information contained herein is based on sources that we believe to be
reliable, but we do not represent that it is accurate or complete.  Nothing
contained herein should be considered as an offer to sell or a solicitation
of an offer to buy any financial instruments discussed herein.  Any
opinions expressed herein are solely those of the author.  As such, they
may differ in material respects from those of, or expressed or published by
on behalf of Carr Fut",john.griffith@enron.com,john.arnold@enron.com,0.3,low,direct 1:1 email (+0.05),ham,0.1761,Other,0.82,
bailey-s/deleted_items/337.,New Round of Demand Letters?,"I'm getting my head above water WRT the demand letters we sent in early March and all the associated fallout from those letters.  Preparing for our next move to bring in more cash.  We can send more demand letters for Mar02 non-paid invoices (don't know yet how many there are) and/or pursue default interest payments associated w/ the previous demand letter payments.

Sara and Angelo, let's get together to plot out our next actions.  I'll set up a meeting. 


Louis R. DiCarlo
ENA Gas Structuring
Phone: 713-345-4666
Email: louis.dicarlo@enron.com","sara.shackleton@enron.com, angelo.miroballi@enron.com",louis.dicarlo@enron.com,0.5,medium,urgent/critical language (+0.12); question in subject (+0.04),ham,0.1364,Work,-0.075,
arnold-j/all_documents/356.,,"Ben:
Jeff Shankman gave me your name.  I have assumed Jeff's old responsibilities 
as head of the natural gas derivatives trading group.  Our broker, EDF MAN, 
supplies us with $50 million of margin financing every night.  They are 
trying to clean up their books for end of quarter and/or year on Sep 30.  
They have asked if we can post the $50 million overnight on the 30th.  We did 
this last year as well.   Please advise,
John",ben.glisan@enron.com,john.arnold@enron.com,0.4,medium,action-required language (+0.07); direct 1:1 email (+0.05),ham,0.1021,Work,0.823,
baughman-d/deleted_items/293.,Re: dead eye dick!,"I wonder is she's related to Linda.....

(Linda Hendersen is a lady that lives in Elkhart Texas and leases from
Bat's father in law.  She not only shoots quality deer year in and year
out, but she even shot someone's beagle and called the number on the dead
dog's tags to complain that her morning hunt had been messed up.)


To:   mark@ddevelopment.com, Andy.hayes@cybersafe.com,
      DLansford@mccmail.com, Don.Baughman@enron.com,
      greadyhunter@hotmail.com, johnc@jcclayton.com, Kenneth D.
      Schall@ANDERSEN WO, mnewman@reliant.com, hrcwc@ntws.net
cc:
Date: 12/18/2001 02:01 PM
From: batoggero@yahoo.com
Subject:  dead eye dick!


check it out:
http://dailynews.yahoo.com/h/nm/20011217/od",batoggero@yahoo.com,kenneth.d.schall@us.andersen.com,0.6,high,action-required language (+0.07); 1 exclamation(s) in subject (+0.05); reply/forward chain (-0.05); direct 1:1 email (+0.05); strongly negative/distressed sentiment (+0.15),ham,0.2439,Personal,-0.939,
bass-e/sent/353.,Re: RB?,Tony Richardson and Wayne Chrebet for Antonio Freeman?,steve.venturatos@enron.com,eric.bass@enron.com,0.3,low,reply/forward chain (-0.05); question in subject (+0.04); direct 1:1 email (+0.05),ham,0.1366,Personal,0.47,
arnold-j/all_documents/860.,Enron Mentions - 03-04-01,"---------------------- Forwarded by John Arnold/HOU/ECT on 03/06/2001 07:48 
AM ---------------------------
From: Ann M Schmidt@ENRON on 03/05/2001 08:23 AM
To: Ann M Schmidt/Corp/Enron@ENRON
cc:  (bcc: John Arnold/HOU/ECT)
Subject: Enron Mentions - 03-04-01

Utility Deregulation: Square Peg, Round Hole?
The New York Times, 03/04/01

3 Executives Considered to Head Military
Los Angeles Times, 03/04/01

Bush leaning toward execs for military
The Seattle Times, 03/04/01

Enron's Chief Denies Role as Energy Villain / Critics regard Kenneth Lay as 
deregulation opportunist
The San Francisco Chronicle, 03/04/01

Enron boss says he's not to blame for profits in energy crisis
Associated Press Newsw",greg.whalley@enron.com,john.arnold@enron.com,0.6,high,urgent/critical language (+0.12); direct 1:1 email (+0.05); strongly negative/distressed sentiment (+0.15),ham,0.1001,Other,-0.904,
allen-p/_sent_mail/34.,,"Griff,

It is bidweek again.  I need to provide view only ID's to the two major publications that post the monthly indeces.  Please email an id and password to the following:

Dexter Steis at Natural Gas Intelligence-	dexter@intelligencepress.com

Liane Kucher at Inside Ferc-  lkuch@mh.com

Bidweek is under way so it is critical that these id's are sent out asap.

Thanks for your help,

Phillip Allen",mary.gray@enron.com,phillip.allen@enron.com,0.6,high,urgent/critical language (+0.24); direct 1:1 email (+0.05),ham,0.1328,Work,0.873,
allen-p/notes_inbox/42.,Investors Alliance MF Survey for San Marcos,- Inv Alliance MF Survey of SMarcos.pdf,pallen@enron.com,cbpres@austin.rr.com,0.3,low,direct 1:1 email (+0.05),ham,0.1377,Work,0.0,
arnold-j/sent_items/206.,RE: aga,"cost about 200,000-300,000

	our internal estimates were in the 102-106 range, so no.  i think pira overestimating the gas gen burn for the week.  problem is there is no real good burn for at least two weeks going forward.  we've dropped $1.5 in a couple months and havent picked up an mmbtu of demand.  that's a big problem

 -----Original Message-----
From: 	Fraser, Jennifer  
Sent:	Thursday, June 21, 2001 6:36 AM
To:	Arnold, John
Subject:	aga

1- did the intern help or hurt you?
2- do u buy PIRA's suggestion a correction is looming?",jennifer.fraser@enron.com,john.arnold@enron.com,0.4,medium,reply/forward chain (-0.05); direct 1:1 email (+0.05); strongly negative/distressed sentiment (+0.15),ham,0.0889,Work,-0.868,
arnold-j/_sent_mail/195.,Re: .exe file - infomercial,"Agree completely.  In that context, it looks good.




Louise Kitchen
09/14/2000 06:20 PM
To: John Arnold/HOU/ECT@ECT
cc:  
Subject: Re: .exe file - infomercial  

It was something for the web-site but we are thinking its a bit arrogant for 
our counterparts so probably just use it internally or trade shows.



John Arnold
14/09/2000 16:24
To: Louise Kitchen/HOU/ECT@ECT
cc:  

Subject: Re: .exe file - infomercial  

Who's the target audience and how is it being distributed?



Louise Kitchen
09/14/2000 11:50 AM
To: Hunter S Shively/HOU/ECT@ECT, John J Lavorato/Corp/Enron@Enron, John 
Arnold/HOU/ECT@ECT
cc: Andy Zipper/Corp/Enron@Enron, gwhalle@enron.com 
Subject: .exe file - infomercial

Jus",louise.kitchen@enron.com,john.arnold@enron.com,0.4,medium,reply/forward chain (-0.05); direct 1:1 email (+0.05); negative sentiment (+0.08),ham,0.1008,Work,-0.452,
baughman-d/inbox/213.,Your mailbox is over its size limit,"Your mailbox has exceeded one or more size limits set by your administrator.
Your mailbox size is 112845 KB.
Mailbox size limits:
	You will receive a warning when your mailbox reaches 75000 KB.
	You cannot send mail when your mailbox reaches 100000 KB.You may not be able to send or receive new mail until you reduce your mailbox size.
To make more space available, delete any items that you are no longer using or move them to your personal folder file (.pst). 
Items in all of your mailbox folders including the Deleted Items and Sent Items folders count against your size limit.  
You must empty the Deleted Items folder after deleting items or the space will not be freed.
See client Help for mor",don.baughman@enron.com,system.administrator@enron.com,0.4,medium,direct 1:1 email (+0.05); negative sentiment (+0.08),ham,0.2092,Other,-0.551,
arnold-j/_sent_mail/777.,Re: 24x7 Emergency Services,"take me off your mailing list




""Piping Technology & Products, Inc."" <enews@mail.pipingtech.com> on 
01/02/2001 04:59:48 PM
To: <ptp-announcetemp@mail.pipingtech.com>
cc:  
Subject: 24x7 Emergency Services






U.S. Bellows/PT&P: Manufacturer of Expansion Joints, Compensators and more.

December  2000


[IMAGE]



www.pipingtech.com? |? www.usbellows.com? | www.swecofab.com?  




U.S. Bellows Responds to Emergency  Order from Alaska Nitrogen Products, LLC 
for a 48"" Dia. Expansion  Joint
U.S.  Bellows, Inc., the expansion joint division of Piping  Technology & 
Products, Inc., has once again shown its  dedication and devotion to its 
customers by rushing to the emergency  call of Alaska ",enews@mail.pipingtech.com,john.arnold@enron.com,0.7,high,urgent/critical language (+0.24); reply/forward chain (-0.05); direct 1:1 email (+0.05); strongly negative/distressed sentiment (+0.15),ham,0.1395,Other,-0.923,
arnold-j/sent_items/208.,RE: one more thing to consider,"economy starts looking better when energy costs fall 30-50%

-----Original Message-----
From: Fraser, Jennifer 
Sent: Monday, June 25, 2001 5:51 AM
To: Arnold, John
Subject: one more thing to consider


the economic picture is not rosy. it's hard to see hoe we get the miracle recovery in q3 or even q4. Have you formed an opinion on this?

-----Original Message-----
From: Arnold, John 
Sent: Sunday, June 24, 2001 12:03 PM
To: Fraser, Jennifer
Subject: RE: aga


no, the opposite.  saying price drop hasnt brought us closer to equilibrium.  we absolutley cant continue this loss of demand, otherwise we end up at 3.2 and the industry doesnt want to /cant end up there.   thus you must pick up at le",jennifer.fraser@enron.com,john.arnold@enron.com,0.3,low,reply/forward chain (-0.05); direct 1:1 email (+0.05),ham,0.0898,Personal,0.642,
bass-e/discussion_threads/1059.,Hurry! Free Shipping Ends December 10th,"[IMAGE]
?
[IMAGE]


[IMAGE]              


?

?

?


Dear                     Amazon Customer,

                     There's no doubt about it, the holidays are  here. And 
at Amazon.com  we're celebrating like only we know how--with free        
shipping! Place your order for over $100, and now through  
Sunday,                     December 10, we'll ship your items for  free. 

Don't                     worry,  with our great ""EMAHTSKCBLVDT""*  selection, 
you'll have no problem finding the perfect  gifts                     and 
shipping them for free. But be sure to  hurry--you must                     
place your orders by next Sunday,  December 10, to take                     
advantag",ebass@enron.com,holiday2@amazon.com,0.4,medium,1 exclamation(s) in subject (+0.05); direct 1:1 email (+0.05),ham,0.2447,Other,0.996,
allen-p/_sent_mail/186.,ENA Management Committee,"---------------------- Forwarded by Phillip K Allen/HOU/ECT on 08/16/2000 
10:58 AM ---------------------------
   
	
	
	From:  David W Delainey                           08/15/2000 01:28 PM
	

Sent by: Kay Chapman
To: Tim Belden/HOU/ECT@ECT, Kevin M Presto/HOU/ECT@ECT, John 
Arnold/HOU/ECT@ECT, Scott Neal/HOU/ECT@ECT, Hunter S Shively/HOU/ECT@ECT, 
Phillip K Allen/HOU/ECT@ECT, Janet R Dietrich/HOU/ECT@ECT, Christopher F 
Calger/PDX/ECT@ECT, W David Duran/HOU/ECT@ECT, Raymond Bowen/HOU/ECT@ECT, 
Jeff Donahue/HOU/ECT@ECT, Brian Redmond/HOU/ECT@ECT, C John 
Thompson/Corp/Enron@ENRON, Scott Josey/Corp/Enron@ENRON, Rob 
Milnthorp/CAL/ECT@ECT, Max Yzaguirre/NA/Enron@ENRON, Beth 
Perlman/HOU/ECT@E",ina.rangel@enron.com,phillip.allen@enron.com,0.6,high,action-required language (+0.07); direct 1:1 email (+0.05); strongly negative/distressed sentiment (+0.15),ham,0.0525,Work,-0.697,
arnold-j/all_documents/582.,FW: COB 05.15.01 PNL Estimate,"-----Original Message-----
From:  Hayden, Frank  
Sent: Tuesday, May 15, 2001 4:35 PM
To: Lavorato, John; Kitchen, Louise
Cc: Port, David; Gorny, Vladimir
Subject: COB 05.15.01 PNL Estimate

The gas desk lost $13MM. West desk made $56MM, financial desk lost $45MM.

East Power lost 10MM
West power lost approx 5MM


Frank",john.arnold@enron.com,frank.hayden@enron.com,0.7,high,urgent/critical language (+0.24); reply/forward chain (-0.05); direct 1:1 email (+0.05); strongly negative/distressed sentiment (+0.15),ham,0.0799,Work,-0.71,
baughman-d/deleted_items/39.,,The recruiter with the Houston based origination job with a NY bank is Andrea Stein 212 704-9900,don.baughman@enron.com,carl.tricoli@enron.com,0.3,low,direct 1:1 email (+0.05),ham,0.1579,Work,0.0,
bass-e/all_documents/2011.,,http://houston.citysearch.com/profile?fid=11&id=11400980,shanna.husser@enron.com,eric.bass@enron.com,0.3,low,direct 1:1 email (+0.05),ham,0.2007,Personal,0.0,
allen-p/deleted_items/383.,Your Approval is Overdue: Access Request for matt.smith@enron.com,"This request has been pending your approval for  33 days.  Please click http://itcapps.corp.enron.com/srrs/auth/emailLink.asp?ID=000000000067320&Page=Approval to review and act upon this request.





Request ID          : 000000000067320
Request Create Date : 10/11/01 10:24:53 AM
Requested For       : matt.smith@enron.com
Resource Name       : Risk Acceptance Forms Local Admin Rights - Permanent
Resource Type       : Applications",k..allen@enron.com,arsystem@mailman.enron.com,0.5,medium,urgent/critical language (+0.12); direct 1:1 email (+0.05),ham,0.2258,Work,0.888,
arnold-j/all_documents/379.,Re: ??,"I'm actually trying to go through all my email from the week.  What a pain in 
the ass.  As soon as I finish one, another appears in my inbox.  So how's 
life at ucla?




Eleanor Fraser <efraser@anderson.ucla.edu> on 09/14/2000 06:07:11 PM
To: John.Arnold@enron.com
cc:  
Subject: Re: ??


I think Yelena put a hit out on me all the way from Chicago
for sending those pictures!  I had no idea they would open
right away--they were supposed to be attachments.  Oops.  I
thought they were quite cute.

How are ya?  And what are you doing at work--I thought you
gas guys all left at 3!
:-) elf

On Thu, 14 Sep 2000 John.Arnold@enron.com wrote:

>
> why would i be???
>
>
>
>
> Eleanor Fraser <efraser@a",efraser@anderson.ucla.edu,john.arnold@enron.com,0.6,high,urgent/critical language (+0.12); reply/forward chain (-0.05); question in subject (+0.04); direct 1:1 email (+0.05); strongly negative/distressed sentiment (+0.15),ham,0.0844,Personal,-0.793,
bass-e/inbox/265.,[Footballguys] Update # 192 - Updated Players in the News,"Just a few more late breaking stories for those that can tweak their 
lineups up until gametime.  Best of luck to everyone that is playing 
for their Championship this week.

***********************************************************

Quarterbacks in the News:

Rob Johnson (Buf) is out this week with a bruised shoulder and ego.  
Alex Van Pelt will again start in his place.

Scott Mitchell (Cin) is doubtful this week.  He is not expected to 
play.  Jon Kitna will start as usual.

Mike McMahon (Det) is still wearing the protective boot and has not 
practiced all week.  He is unlikely to play.  Ty Detmer will start if 
McMahon cannot go. McMahon appears on the injury report as 
questionable w",cheatsheets@yahoogroups.com,bryant@cheatsheets.net,0.5,medium,direct 1:1 email (+0.05); strongly negative/distressed sentiment (+0.15),ham,0.0845,Other,-0.943,
baughman-d/power/cinergy_index/100.,Megawatt Daily Into Cinergy Hourly Index,"Don,

I am glad that we had a chance to talk this morning. I am pleased that I
have your support for our Into Cinergy hourly index.

I am attaching the draft of our methodology and our confidentiality
agreement. Pleased forward your comments and/or suggestions.

I look forward to working with you and meeting you.

Thank you,

Lisa Lawson
Markets Editor
Megawatt Daily
713-939-5802
llawson@ftenegy.com

>
>
>  <<HourlyMeth010801.doc>>  <<ConfidAgreemen.DOC>>
>
>

 - HourlyMeth010801.doc 
 - ConfidAgreemen.DOC",don.baughman@enron.com,llawson@ftenergy.com,0.3,low,direct 1:1 email (+0.05),ham,0.114,Work,0.953,
allen-p/inbox/38.,Your Approval is Overdue: Access Request for matt.smith@enron.com,"This request has been pending your approval for  13 days.  Please click http://itcapps.corp.enron.com/srrs/auth/emailLink.asp?ID=000000000067320&Page=Approval to review and act upon this request.





Request ID          : 000000000067320
Request Create Date : 10/11/01 10:24:53 AM
Requested For       : matt.smith@enron.com
Resource Name       : Risk Acceptance Forms Local Admin Rights - Permanent
Resource Type       : Applications",k..allen@enron.com,arsystem@mailman.enron.com,0.5,medium,urgent/critical language (+0.12); direct 1:1 email (+0.05),ham,0.2258,Work,0.888,
baughman-d/calendar/1.,Kevin Burns,"Review available services with OATI for East, West & Canada.","lloyd.will@enron.com, debra.bailey@enron.com, corry.bentley@enron.com,  don.baughman@enron.com",lloyd.will@enron.com,0.3,low,,ham,0.133,Work,0.0,
allen-p/sent_items/69.,,"Griff,

It is bidweek again.  I need to provide view only ID's to the two major publications that post the monthly indeces.  Please email an id and password to the following:

Dexter Steis at Natural Gas Intelligence-	dexter@intelligencepress.com

Liane Kucher at Inside Ferc-  lkuch@mh.com

Bidweek is under way so it is critical that these id's are sent out asap.

Thanks for your help,

Phillip Allen",mary.gray@enron.com,phillip.allen@enron.com,0.6,high,urgent/critical language (+0.24); direct 1:1 email (+0.05),ham,0.1328,Work,0.873,
bass-e/notes_inbox/473.,URGENT: Help Preserve the Bush Victory,"Emergency funds needed: https://secure.apk.net/gb/contribute.html

On Election Night, George W. Bush won the most votes in Florida.
Not surprisingly, Al Gore's campaign did not like the result.  They
immediately dispatched lawyers to Florida and had a Washington
lobbyist raise $3 million in one day to fund Gore's Florida operation.

Unfortunately, the Gore camp refuses to accept the Election Night
count or the 2nd computer count or even, in some instances, a 3rd
computer count.  Now they want a hand count, even though computer
counts are more precise and objective.  On top of that, they have only
asked for hand counts in counties that are overwhelmingly Democratic.

We have the high ground. ",ebass@enron.com,bushnews@georgewbush.com,0.6,high,urgent/critical language (+0.24); direct 1:1 email (+0.05),ham,0.2718,Other,0.993,
baughman-d/all_documents/8.,"The TradersNews Cinergy, Entergy and AEP hourly indexes have been","The daily indexes will post by 3:45 p.m. CT  today.
?
Please join us at our Happy Hour at Day of the  Trader on Dec. 7, from 
3:30-7:30, at the Aladdin Resort & Casino in Las  Vegas. (See attached 
invitation.) Feel free to pass this along to any of your  colleagues who plan 
to attend the conference.
?
If you're not already a subscriber to TradersNews  Power, you may?access our 
hourly, daily and term indexes by?logging on  to www.tradersnewspower.com
.?Click  on any of the indexes to sign up for a 30-day free trial. You'll 
receive outage  information and Eastern market commentary, as well.
?
We're collecting historical prices and volumes for  TVA, ComEd and SPP, in 
preparation for an?imp","michael.weinstein@ipgdirect.com, jeff.maack@ipgdirect.com,  suzanna.strangmeier@ipgdirect.com, ellen.clardy@ipgdirect.com, rich.heidorn@ipgdirect.com",bobette.riner@ipgdirect.com,0.4,medium,urgent/critical language (+0.12),ham,0.1521,Other,0.983,
baughman-d/discussion_threads/269.,Flat books,"It is imperative that we have our books flat by 6:00 a.m..  This problem is 
not going to go away.  We need to make sure that before we go home no matter 
what shift you are working that these books are flat, NO EXCUSES.  Everyone 
must contribute and be aware of keeping all the books flat.  Day shift should 
have all their positions flat and if not flat, you need to leave the night 
shift with proper information so that they can flatten out the position.  
Night shift should run the scheduling activity report for each region and 
make sure that every book is flat by 6:00 a.m.  AGAIN THERE ARE NO EXCUSES.","john.kinser@enron.com, rudy.acevedo@enron.com, juan.hernandez@enron.com,  miguel.garcia@enron.com, joe.stepenovitch@enron.com, joe.errigo@enron.com, doug.miller@enron.com, larry.campbell@enron.com, keller.mayeaux@enron.com, chad.starnes@enron.com, dean.laurent@enron.com, don.baughman@enron.com, christopher.watts@enron.com, steve.olinde@enron.com, larry.jester@enron.com, juan.padron@enron.com, benjamin.rogers@enron.com, narsimha.misra@enron.com, patrick.hanse@enron.com, huong.ta@enron.com, mauricio.trejo@enron.com, dustin.collins@enron.com",kayne.coulter@enron.com,0.3,low,broadcast to 22 recipients (-0.12); strongly negative/distressed sentiment (+0.15),ham,0.1478,Work,-0.687,
bass-e/_sent_mail/221.,Fantast Basketball DRAFT TODAY @ 10:30,"Tell me if you are in on the draft at 10:30.  To draft you need to go to the 
website and click on draft - go to the draft room.
---------------------- Forwarded by Eric Bass/HOU/ECT on 10/31/2000 08:23 AM 
---------------------------
   
	Enron North America Corp.
	
	From:  Eric Bass                           10/31/2000 08:21 AM
	

To: David Baumbach/HOU/ECT@ECT, Phillip M Love/HOU/ECT@ECT, Bryan 
Hull/HOU/ECT@ECT, Harry Bucalo/HOU/ECT@ECT, O'Neal D Winfree/HOU/ECT@ECT, 
Michael Walters/HOU/ECT@ECT, Matthew Lenhart/HOU/ECT@ECT
cc:  
Subject: Fantast Basketball DRAFT TODAY @ 10:30

Just as clarification - we start 6 players and have weekly scoring in haed to 
head matchups.  You can chage yo","david.baumbach@enron.com, phillip.love@enron.com, bryan.hull@enron.com,  harry.bucalo@enron.com, o'neal.winfree@enron.com, michael.walters@enron.com, matthew.lenhart@enron.com",eric.bass@enron.com,0.2,low,broadcast to 7 recipients (-0.12),ham,0.0734,Personal,0.226,
baughman-d/enron_power/interviews/30.,Hourly Trading,"Hi Don,

Sorry, I have not been able to call you today,
as it has been extremely busy.

I will be on vacation on Mon. and Tues.,
so I will call you on Wed. when I return.

I look forward to speaking with you about 
a job opportunity in on the Hourly Trading Desk.

Sincerely,
Joe Capasso







---------------------- Forwarded by Joseph Capasso/HOU/EES on 06/08/2001 04:43 PM ---------------------------


Joseph Capasso
06/07/2001 09:16 AM
To:	Don Baughman/Enron@EnronXGate
cc:	 
Subject:	Hourly Trading

Hello Don,

I am trying to get a job in the 24 hour trading group.  I was speaking with John Zurita and he said that
you would be a good person to contact.  Currently, I am in the Risk Controls",don.baughman@enron.com,joseph.capasso@enron.com,0.5,medium,urgent/critical language (+0.12); direct 1:1 email (+0.05),ham,0.1087,Work,0.859,
bass-e/all_documents/851.,Nice Try,"We got another big name recruit - that will probably amount to nothing with 
our conservative, shitty Offensive Coordinator.

http://maxemfinger.rivals.com/default.asp?sid=1356&p=2&stid=8031594","matthew.lenhart@enron.com, chad.landry@enron.com,  timothy.blanchard@enron.com",eric.bass@enron.com,0.5,medium,urgent/critical language (+0.12); negative sentiment (+0.08),ham,0.1288,Work,-0.586,
baughman-d/deleted_items/416.,"OpinionJournal - On the Editorial Page - November 16, 2001","From OpinionJournal.com (http://opinionjournal.com)

TODAY ON OPINIONJOURNAL

Extra BY JOHN TABIN
http://www.opinionjournal.com/extra/?id=95001485

Dateline Evanston: Barnes & Noble hosts an erstwhile terrorist.
12:38 a.m. EST

On the Editorial Page
http://www.opinionjournal.com/editorial/?id=95001479

The case for military tribunals.
12:01 a.m. EST

Wonder Land BY DANIEL HENNINGER
http://www.opinionjournal.com/columnists/dhenninger/?id=95001476

We've all becomes slaves of bureaucracy.
12:01 a.m. EST

Dispatch BY SETH LIPSKY
http://www.opinionjournal.com/columnists/slipsky/?id=95001472

A Harvard hero stood against both McCarthyism and communism.
12:01 a.m. EST

Peggy Noonan
http://www.opin",don.baughman@enron.com,opinionjournal@wsj.com,0.3,low,direct 1:1 email (+0.05),ham,0.1448,Other,0.47,
arnold-j/hp/12.,FW: FW: Fedex and other cross sells UPDATE,"Jennifer:

If you are referring to the Wireless call, I was on the call and actively 
participated with Peter G.  I had the agenda discussion items and  guided the 
conversation. The call was brief and enabled HP and Peter G. to discuss 
wireless initiatives briefly. Then Peter G. literally read from my notes the 
""message"" you gave him about the need for HP to support the process on both 
the buy and sell sides.  

The call went well, message was delivered and Darrin will follow up with HP 
so they can come in to Enron and present the wireless intiative.

Greg Pyle and Bill Lovejoy (but not Gerry Cashiola) were on the call.  Greg 
Pyle made a note of saying that HP realized that they were g",jennifer.medcalf@enron.com,sarah-joy.hunter@enron.com,0.4,medium,action-required language (+0.07); reply/forward chain (-0.05); direct 1:1 email (+0.05),ham,0.0885,Work,0.965,
allen-p/all_documents/369.,California Update 5/4/01,"---------------------- Forwarded by Phillip K Allen/HOU/ECT on 05/07/2001 
06:54 AM ---------------------------
From: Kristin Walsh/ENRON@enronXgate on 05/04/2001 04:32 PM CDT
To: John J Lavorato/ENRON@enronXgate, Louise Kitchen/HOU/ECT@ECT
cc: Phillip K Allen/HOU/ECT@ECT, Tim Belden/ENRON@enronXgate, Jeff 
Dasovich/NA/Enron@Enron, Chris Gaskill/ENRON@enronXgate, Mike 
Grigsby/HOU/ECT@ECT, Tim Heizenrader/ENRON@enronXgate, Vince J 
Kaminski/HOU/ECT@ECT, Steven J Kean/NA/Enron@Enron, Rob 
Milnthorp/CAL/ECT@ECT, Kevin M Presto/HOU/ECT@ECT, Claudio 
Ribeiro/ENRON@enronXgate, Richard Shapiro/NA/Enron@Enron, James D 
Steffes/NA/Enron@Enron, Mark Tawney/ENRON@enronXgate, Scott 
Tholan/ENRON@enronX",keith.holst@enron.com,phillip.allen@enron.com,0.7,high,urgent/critical language (+0.24); direct 1:1 email (+0.05); strongly negative/distressed sentiment (+0.15),ham,0.1029,Work,-0.827,
bass-e/notes_inbox/152.,FYI,"With all of the HYPE surrounding the Big 12 this season....

Nine SEC teams are going to bowls, an unprecedented number of bowl-bound 
teams from a single conference in NCAA history.","eric.bass@enron.com, chad.landry@enron.com, matthew.lenhart@enron.com,  bryan.hull@enron.com, phillip.love@enron.com, brian.hoskins@enron.com, luis.mena@enron.com",timothy.blanchard@enron.com,0.1,low,bulk/automated/fyi language (-0.08); broadcast to 7 recipients (-0.12),ham,0.1247,Work,0.428,
baughman-d/inbox/220.,Metro Bus Passes and Woodlands Express Passes Available Effective,"Enron employees not participating in contract parking are eligible to receive Metro Bus Passes or Woodlands Express Passes.  You may pick up a bus pass from the Parking & Transportation Desk, on Level 3 of the Enron Building, from 8:30 AM to 4:30 PM. 


All Metro passes offered through the Enron Parking & Transportation desk will be the Metro 30 Day Zone Pass.  When you use a 30-day zone pass, bus service is divided into four zones w/ unlimited rides.  The zone pass is time activated, which means that it will not become active until the first time it is used and will not expire until 30 days after it was used for the first time.  New passes will be available to Enron employees upon expiratio",dl-ga-all_enron_houston_employees@enron.com,announcements.enron@enron.com,0.5,medium,urgent/critical language (+0.12); direct 1:1 email (+0.05),ham,0.1208,Work,0.236,
bass-e/all_documents/1481.,RE: FW: new address,"Sorry about the headache.  I hear that slamming your head against the wall is 
good for getting rid of migraines.  Oh wait that's what I do at work to help 
me think about something other than losing lots of money - never mind.

Thurs is probably best then - if not then maybe next week.
e




Danielle Samson <DanielleS@JonesGranger.com> on 03/20/2000 04:24:43 AM
To: ""'Eric Bass'"" <Eric.Bass@enron.com>
cc:  
Subject: RE: FW: new address


My weekend was ok.  Sorry if I stopped by at a bad time on Thursday!  I've
had a migraine for the last two days, and it still hasn't gone away, so I'm
not feeling 100% today.  I won't be able to get together until after
Wednesday or so, if that is all right,",danielles@jonesgranger.com,eric.bass@enron.com,0.3,low,reply/forward chain (-0.05); direct 1:1 email (+0.05),ham,0.1055,Personal,0.619,
badeer-r/all_documents/184.,"CAISO NOTICE: CMR Comments Deadline - Friday, July 28, 5pm","Market Participants:

Just a couple of friendly reminders...

1. The deadline for you to submit your preliminary comments for the CMR
Recommendation will be tomorrow, Friday, July 28, 2000 at 5:00pm.

2. Please remember you will need to use the template we have provided for
you.  You can download the template from the CAISO website at
http://www.caiso.com/clientserv/congestionreform.html   Scroll down to the
Congestion Management Reform Recommendation (DRAFT) Feedback Form,
highlighted in yellow.

Should you have any questions, please feel free to contact either myself or
my assistant Colleen Grant.

Thank you in advance for your timely responses, and your adherence to using
the template we ",20participants@caiso.com,cgrant@caiso.com,0.6,high,urgent/critical language (+0.24); direct 1:1 email (+0.05),ham,0.1223,Work,0.934,
bass-e/_sent_mail/1443.,Re:,"don't be giving my address out to solicitors


   
	Enron North America Corp.
	
	From:  Shanna Husser @ EES                           12/20/2000 02:07 PM
	

To: Eric Bass/HOU/ECT@ECT
cc:  
Subject: 

Is your address 2302 Travis Street Apt#8225?

What is your zip code?",shanna.husser@enron.com,eric.bass@enron.com,0.4,medium,reply/forward chain (-0.05); direct 1:1 email (+0.05); negative sentiment (+0.08),ham,0.0783,Personal,-0.339,
bass-e/_sent_mail/526.,Re:,"are you irritated?


   
	Enron North America Corp.
	
	From:  Shanna Husser @ EES                           08/29/2000 10:44 AM
	

To: Eric Bass/HOU/ECT@ECT
cc:  
Subject: 

I just got informed that for our PRC (TAX)- we don't even get to know our 
rating.  All we get to see is the ""comments"" section.  So- in other words- we 
will have no idea how we compare relevant to out peers.  I mean- this whole 
thing is getting a little ridiculous.

I still haven't heard back from Jennifer if we are still going to meet today 
about mine.",shanna.husser@enron.com,eric.bass@enron.com,0.4,medium,reply/forward chain (-0.05); direct 1:1 email (+0.05); strongly negative/distressed sentiment (+0.15),ham,0.0746,Personal,-0.751,
bass-e/sent_items/228.,RE:,"i agree with your comments about managament.  it seems like they are caught like a deer in a headlights.  i have bought some more shares today.  my view is that the company will not fold.  the worst case scenario is a buyout. so, it seems like we should bottom out shortly.  right?
 
good news on uncle george

-----Original Message-----
From: Larry Bass [mailto:lwbthemarine@alltel.net]
Sent: Wednesday, November 07, 2001 1:41 PM
To: K. Bass
Cc: Bass, Eric
Subject: Re: 


Well, I certainly called this one wrong! I was absolutely convinced that the market was drastically overeating to that ENE/partnership deal, that all was above board and that ENE could and would financially manage the matter. ","lwbthemarine@alltel.net, daphneco64@alltel.net",eric.bass@enron.com,0.2,low,reply/forward chain (-0.05),ham,0.084,Personal,0.984,
arnold-j/_sent_mail/42.,ACCESS Trades for 11/09/00,"---------------------- Forwarded by John Arnold/HOU/ECT on 11/09/2000 03:54 
PM ---------------------------


""Mancino, Joseph (NY Int)"" <JMANCINO@edfman.com> on 11/09/2000 08:32:32 AM
To: ""'jarnold@enron.com'"" <jarnold@enron.com>
cc:  
Subject: ACCESS Trades for 11/09/00


Here are the trades executed on ACCESS last night:

S   50   Z     5350
S   50 Z    5335

B   9   Z   5330
B   2   Z   5320
B   4   Z   5322
B   6   Z   5323
B   5   Z   5345
B   10  Z   5355
B   3   Z   5355
B   5   Z   5358


B   100   Z   5323
S   100   F   5369


Joseph Mancino
E.D. & F. Man International
(212)566-9700",errol.mclaughlin@enron.com,john.arnold@enron.com,0.3,low,direct 1:1 email (+0.05),ham,0.1078,Work,0.0,
allen-p/sent_items/296.,RE: Topic Framework Deliverable - Sign-Off for Acceptance,"These are fine.

 -----Original Message-----
From: 	McDaniel, Kirk  
Sent:	Tuesday, October 23, 2001 1:36 PM
To:	Allen, Phillip K.; O'rourke, Tim; Frolov, Yevgeny
Subject:	Topic Framework Deliverable - Sign-Off for Acceptance
Importance:	High

Gentlemen

Good day. I hope all is going well. 

If I do not hear from you by COB tomorrow I will take your silence as acceptance and that their are no non-conformities to prevent acceptance of this deliverable. This action is necessary as contractually we are coming to the end of the acceptance period for this deliverable. 

Good news is that this deliverable and the High level design deliverable are the last two deliverables for the Design Phase of t",kirk.mcdaniel@enron.com,k..allen@enron.com,0.4,medium,urgent/critical language (+0.12); reply/forward chain (-0.05); direct 1:1 email (+0.05),ham,0.0923,Work,0.99,
arnold-j/sent_items/413.,RE: Unbelievable Picture,"is it real?

 -----Original Message-----
From: 	""Zerilli, Frank"" <fzerilli@POWERMERCHANTS.COM>@ENRON [mailto:IMCEANOTES-+22Zerilli+2C+20Frank+22+20+3Cfzerilli+40POWERMERCHANTS+2ECOM+3E+40ENRON@ENRON.com] 
Sent:	Tuesday, September 25, 2001 8:25 AM
To:	Arnold, John; 'John.Corcoran@ubsw.com'
Subject:	FW: Unbelievable Picture



-----Original Message-----
From: Bill Horton [mailto:bhorton@tnsk.com]
Sent: Tuesday, September 25, 2001 7:58 AM
To: fzerilli@powermerchants.com
Subject: FW: Unbelievable Picture



-----Original Message-----
From: Fred Sherman [mailto:fsherman@tnsk.com]
Sent: Tuesday, September 25, 2001 6:43 AM
To: Steve Bruns; William Lewis; William Simpson; Bill Horton; Erik Lood;
Chr",fzerilli@powermerchants.com,john.arnold@enron.com,0.3,low,reply/forward chain (-0.05); direct 1:1 email (+0.05),ham,0.0779,Other,0.922,
arnold-j/sent_items/797.,RE:,"did not, but I went to my wine locker and picked out 12 bottles for the weekend so I think we're okay unless you're taking some to your friends.  I'll call you when I'm ready and we'll figure it out.

 -----Original Message-----
From: 	Ward, Kim S (Houston)  
Sent:	Wednesday, November 21, 2001 11:45 AM
To:	Arnold, John
Subject:	RE: 

of course, I'm just tagging with you guys.  Did you ever go to Christopher's?  I might go pick up some wine - any requests or recommendations?  And where do you want to leave from? 

 -----Original Message-----
From: 	Arnold, John  
Sent:	Wednesday, November 21, 2001 11:43 AM
To:	Slone, Jeanie; Ward, Kim S (Houston)
Subject:	

Is it okay to leave around 3:00?",houston <.ward@enron.com>,john.arnold@enron.com,0.3,low,reply/forward chain (-0.05); direct 1:1 email (+0.05),ham,0.0738,Personal,0.957,
arnold-j/_sent_mail/431.,Re:,"it's an aquired taste


From: Kim Ward/ENRON@enronXgate on 05/09/2001 02:25 PM
To: John Arnold/HOU/ECT@ECT
cc:  
Subject: 

those things are TERRIBLE!!!!",kim.ward@enron.com,john.arnold@enron.com,0.4,medium,reply/forward chain (-0.05); direct 1:1 email (+0.05); strongly negative/distressed sentiment (+0.15),ham,0.0803,Personal,-0.719,
bass-e/sent/548.,Re: ENE,"i am doing great.  i am going to get my neck checked out again today ( i 
can't beilieve you gave me those faulty genes).  i am sure you know that toni 
woke up yesterday, she is cognizant and responsive but still can't speak or 
move.  i will keep you updated.

how are you?

love,

e




""K. Bass"" <daphneco64@bigplanet.com> on 08/08/2000 09:43:24 AM
Please respond to ""K. Bass"" <daphneco64@bigplanet.com>
To: Eric Bass <Eric.Bass@enron.com>
cc:  
Subject: Re: ENE


Your father never listens to me, what can I say?  But, I'm very happy for
you!  How are you?  Any news on Aunt Toni?  LU-M
----- Original Message -----
From: ""Eric Bass"" <Eric.Bass@enron.com>
To: <lwbthemarine@bigplanet.com>; <daph",daphneco64@bigplanet.com,eric.bass@enron.com,0.4,medium,action-required language (+0.07); reply/forward chain (-0.05); direct 1:1 email (+0.05),ham,0.0778,Personal,0.982,
arnold-j/discussion_threads/423.,Enron Mentions - 03-04-01,"---------------------- Forwarded by John Arnold/HOU/ECT on 03/06/2001 07:48 
AM ---------------------------
From: Ann M Schmidt@ENRON on 03/05/2001 08:23 AM
To: Ann M Schmidt/Corp/Enron@ENRON
cc:  (bcc: John Arnold/HOU/ECT)
Subject: Enron Mentions - 03-04-01

Utility Deregulation: Square Peg, Round Hole?
The New York Times, 03/04/01

3 Executives Considered to Head Military
Los Angeles Times, 03/04/01

Bush leaning toward execs for military
The Seattle Times, 03/04/01

Enron's Chief Denies Role as Energy Villain / Critics regard Kenneth Lay as 
deregulation opportunist
The San Francisco Chronicle, 03/04/01

Enron boss says he's not to blame for profits in energy crisis
Associated Press Newsw",greg.whalley@enron.com,john.arnold@enron.com,0.6,high,urgent/critical language (+0.12); direct 1:1 email (+0.05); strongly negative/distressed sentiment (+0.15),ham,0.1001,Other,-0.904,
allen-p/sent_items/10.,FW: charts,"This file contains graphs illustrating volumes by tenor by product type on a quarterly basis since Q499.  For example, daily volume for Natural Gas Financial Swaps during this quarter has been 25 BCF(25,000 contracts) for 1 month trades, 20 BCF (20,000 contracts) for greater than 1 month trades, and 50 BCF (5,000 contracts) for less than 1 month trades.  

Please call with questions.

Phillip Allen
713-853-7041

 -----Original Message-----
From: 	Webb, Jay  
Sent:	Sunday, December 02, 2001 6:19 PM
To:	Allen, Phillip K.
Subject:	charts",andrew.feldstein@jpmorgan.com,k..allen@enron.com,0.3,low,reply/forward chain (-0.05); direct 1:1 email (+0.05),ham,0.0882,Work,0.823,
arnold-j/all_documents/194.,Deferral Enrollment 2001,"=20
The annual deferral program enrollment process is underway.  Enron's Bonus=
=20
Stock Option and Bonus Phantom Stock Programs provide you with an opportuni=
ty=20
to receive stock options and phantom stock in lieu of all or a portion of t=
he=20
cash bonus you may receive during 2001.  =20

To make enrollment even more convenient for you, this year's deferral progr=
am=20
information is available on eHRonline.  To learn more about your deferral=
=20
program opportunities and to enroll for 2001 deferrals, access eHRonline at=
=20
http://ehronline.enron.com.  (Call the ISC Help Desk at 713-345-4727 if you=
=20
need your ID or password to access the system.)

1. Review the program descripti",eligible.employees@enron.com,enron.announcements@enron.com,0.5,medium,urgent/critical language (+0.12); direct 1:1 email (+0.05),ham,0.1862,Other,0.949,
allen-p/_sent_mail/92.,Re:,"Andy,

 Please assign a user name to Randy Gay.

Thank you,

Phillip",andy.zipper@enron.com,phillip.allen@enron.com,0.3,low,reply/forward chain (-0.05); direct 1:1 email (+0.05),ham,0.0985,Work,0.586,
bass-e/discussion_threads/1204.,SUPPLEMENTAL Weekend Outage Report for 12-8-00 through 12-11-00,"------------------------------------------------------------------------------
------------------------
W E E K E N D   S Y S T E M S   A V A I L A B I L I T Y

F O R

December 08, 2000 5:00pm through December 11, 2000 12:00am
------------------------------------------------------------------------------
------------------------
    
SCHEDULED SYSTEM OUTAGES: 

ARDMORE DATA CENTER - FACILITY OPERATIONS: No Scheduled Outages.

AZURIX: No Scheduled Outages.

EB34 DATA CENTER - FACILITY OPERATIONS: No Scheduled Outages.

EDI SERVER: No Scheduled Outages.

EI:   SEE ORIGINAL REPORT

ENRON NORTH AMERICAN LANS:  No Scheduled Outages.

FIELD SERVICES:  No Scheduled Outages.

INTERNET: No Scheduled ",houston.report@enron.com,enron.announcements@enron.com,0.7,high,urgent/critical language (+0.24); direct 1:1 email (+0.05); negative sentiment (+0.08),ham,0.1011,Work,-0.441,
bass-e/discussion_threads/524.,Re: Meeting,"I went ahead and set aside some time on your calendar on the 10th to discuss 
Triple Lutz.  Hope you are having a good day.

Dave
---------------------- Forwarded by David Baumbach/HOU/ECT on 11/03/2000 
08:21 AM ---------------------------


Laura Harder@ENRON
11/02/2000 01:15 PM
To: David Baumbach/HOU/ECT@ECT
cc:  
Subject: Re: Meeting  

Schwieger is going to be at that Executive Impace & Influence Program the 8th 
& 9th ... Tom will be there the 6th & 7th.  How about the 10th??","thomas.martin@enron.com, jim.schwieger@enron.com",david.baumbach@enron.com,0.2,low,reply/forward chain (-0.05),ham,0.0629,Work,0.732,
arnold-j/_sent_mail/194.,Re: ??,"I'm actually trying to go through all my email from the week.  What a pain in 
the ass.  As soon as I finish one, another appears in my inbox.  So how's 
life at ucla?




Eleanor Fraser <efraser@anderson.ucla.edu> on 09/14/2000 06:07:11 PM
To: John.Arnold@enron.com
cc:  
Subject: Re: ??


I think Yelena put a hit out on me all the way from Chicago
for sending those pictures!  I had no idea they would open
right away--they were supposed to be attachments.  Oops.  I
thought they were quite cute.

How are ya?  And what are you doing at work--I thought you
gas guys all left at 3!
:-) elf

On Thu, 14 Sep 2000 John.Arnold@enron.com wrote:

>
> why would i be???
>
>
>
>
> Eleanor Fraser <efraser@a",efraser@anderson.ucla.edu,john.arnold@enron.com,0.6,high,urgent/critical language (+0.12); reply/forward chain (-0.05); question in subject (+0.04); direct 1:1 email (+0.05); strongly negative/distressed sentiment (+0.15),ham,0.0844,Personal,-0.793,
bass-e/all_documents/1682.,New deals,"The new deal #s are 147888,147889.

-E","ami.chokshi@enron.com, kyle.lilly@enron.com",eric.bass@enron.com,0.3,low,,ham,0.148,Work,0.0,
bass-e/all_documents/649.,Weekend Outage for 11-10-00 through 11-13-00,"------------------------------------------------------------------------------
------------------------
W E E K E N D   S Y S T E M S   A V A I L A B I L I T Y

F O R

November 10, 2000 5:00pm through November 13, 2000 12:00am
------------------------------------------------------------------------------
------------------------

SCHEDULED SYSTEM OUTAGES: 

ARDMORE DATA CENTER - FACILITY OPERATIONS: No Scheduled Outages.

AZURIX: No Scheduled Outages.

EB34 DATA CENTER - FACILITY OPERATIONS: No Scheduled Outages.

EDI SERVER: 
Impact:  EDI
Time:  Sat 11/11/2000 at  11:00:00 PM CT thru Sun 11/12/2000 at  1:00:00 AM CT
 Sat 11/11/2000 at    9:00:00 PM PT thru Sat 11/11/2000 at 11:00:00 PM PT
 ",houston.report@enron.com,enron.announcements@enron.com,0.6,high,urgent/critical language (+0.24); direct 1:1 email (+0.05),ham,0.1215,Other,0.71,
arnold-j/discussion_threads/472.,Sixth Floor Layout,"can you send jean a list of her seat numbers
---------------------- Forwarded by John Arnold/HOU/ECT on 04/25/2001 06:38 
PM ---------------------------
From: Jean Mrha/ENRON@enronXgate on 04/18/2001 03:03 PM
To: John Arnold/HOU/ECT@ECT
cc:  
Subject: Sixth Floor Layout



John,

I heard from Wes Colwell that you had been appointed by Lavorato to layout 
the sixth floor for gas.  This morning I spoke to Wes regarding the placement 
of the Upstream/Ecommerce desk on six.  I have taken 6 spaces but I need two 
more.  The two I would like to use (e29 & e30) are currently being occupied 
by the Central Region.  I would like to move these individuals to two spots 
right across from their current ",ina.rangel@enron.com,john.arnold@enron.com,0.3,low,bulk/automated/fyi language (-0.08); direct 1:1 email (+0.05),ham,0.0743,Work,0.954,
bass-e/deleted_items/47.,85-degree sunny beaches fare sale,"Today's Hottest Travel Deals from Bestfares.com!


This week we are offering discounts up to $500 off, to some of the best bea=
ches in the world, including Hawaii, the South Pacific, Rio de Janeiro, Mex=
ico, Central America and over a dozen islands in the Caribbean. Now you can=
 pack that sunscreen with discounts on top of discounts. If sun and fun is =
not your cup of tea, then be sure to check out our other worldwide travel d=
eals listed below.=20


SAVE UP TO $500 RT TO HAWAII FOR TRAVEL THROUGH JUNE 30, '02=20

With published airfares from the Midwest and East Coast to Honolulu over $1=
,000 roundtrip, you can appreciate our cheap airfares for under $599 roundt=
rip. Why pay more to ",ebass@enron.com,deals@bestfares.com,0.3,low,direct 1:1 email (+0.05),ham,0.2327,Other,0.99,
bass-e/_sent_mail/1187.,Concierge.com St. Thomas Overview,"---------------------- Forwarded by Eric Bass/HOU/ECT on 03/08/2001 02:44 PM 
---------------------------


""K. Bass"" <daphneco64@bigplanet.com> on 03/08/2001 08:52:28 AM
Please respond to ""K. Bass"" <daphneco64@bigplanet.com>
To: Eric Bass <Eric.Bass@enron.com>
cc:  
Subject: Concierge.com St. Thomas Overview



?

?http://www.concierge.com/run/concierge/OverviewDetail?geo_uid=287
 - Concierge.com St. Thomas Overview.url",shanna.husser@enron.com,eric.bass@enron.com,0.4,medium,action-required language (+0.07); direct 1:1 email (+0.05),ham,0.0834,Personal,0.429,
