file,true_category
beck-s/sent_items/484.,Mailing List
parks-j/inbox/199.,Work
whalley-l/_sent_mail/40.,Personal
campbell-l/all_documents/1174.,Personal
dasovich-j/all_documents/9267.,Work
carson-m/inbox/22.,Mailing List
lay-k/inbox/1031.,Mailing List
arnold-j/sent_items/307.,Mailing List
germany-c/all_documents/2996.,Work
germany-c/sent_items/11.,Mailing List
dasovich-j/all_documents/26.,Personal
dasovich-j/all_documents/2914.,Mailing List
dasovich-j/all_documents/2839.,Mailing List
jones-t/all_documents/5747.,Work
lay-k/calendar/8.,Personal
dorland-c/sent_items/455.,Personal
mcconnell-m/_sent_mail/44.,Personal
williams-j/deleted_items/109.,Mailing List
skilling-j/inbox/44.,Mailing List
kaminski-v/_sent_mail/1973.,Work
dasovich-j/all_documents/218.,Personal
perlingiere-d/deleted_items/201.,Work
dasovich-j/all_documents/2921.,Work
giron-d/deleted_items/111.,Personal
salisbury-h/sent_items/125.,Personal
mccarty-d/deleted_items/305.,Personal
shapiro-r/granite__2_/24.,Work
symes-k/_sent_mail/1016.,Work
campbell-l/all_documents/793.,Personal
arnold-j/_sent_mail/267.,Personal
benson-r/all_documents/10.,Personal
cash-m/sent_items/6.,Mailing List
stokley-c/chris_stokley/sent/150.,Personal
germany-c/inbox/94.,Work
dasovich-j/all_documents/11715.,Mailing List
dasovich-j/all_documents/11714.,Mailing List
sanders-r/deleted_items/121.,Work
perlingiere-d/deleted_items/65.,Work
hain-m/_sent_mail/153.,Work
quigley-d/sent_items/370.,Work
buy-r/inbox/372.,Personal
mann-k/_sent_mail/3145.,Personal
ring-r/deleted_items/265.,Work
richey-c/inbox/21.,Personal
perlingiere-d/deleted_items/240.,Work
taylor-m/all_documents/3716.,Work
steffes-j/inbox/484.,Mailing List
stclair-c/all_documents/2318.,Personal
dasovich-j/all_documents/10681.,Mailing List
kaminski-v/all_documents/11198.,Work
