file,pair_freq,n_distinct_to
allen-p/_sent_mail/136.,13,1
allen-p/_sent_mail/554.,152,1
allen-p/all_documents/233.,152,1
arnold-j/_sent_mail/267.,68,1
arnold-j/_sent_mail/3.,46,1
arnold-j/_sent_mail/643.,161,1
arnold-j/_sent_mail/701.,87,1
arnold-j/all_documents/37.,3,1
arnold-j/all_documents/414.,106,1
arnold-j/all_documents/990.,26,1
arnold-j/deleted_items/546.,9,1
arnold-j/deleted_items/72.,28,1
arnold-j/inbox/162.,1,1
arnold-j/sent_items/126.,18,1
arnold-j/sent_items/140.,205,1
arnold-j/sent_items/307.,1,1
arnold-j/sent/225.,11,1
arnold-j/sent/549.,205,1
arora-h/deleted_items/162.,1,1
arora-h/deleted_items/58.,0,0
badeer-r/all_documents/1.,563,17
badeer-r/all_documents/225.,2,1
badeer-r/all_documents/31.,69,1
bass-e/_sent_mail/1037.,2,1
bass-e/_sent_mail/1449.,659,1
bass-e/_sent_mail/184.,11,1
bass-e/_sent_mail/221.,553,7
bass-e/_sent_mail/2382.,672,1
bass-e/_sent_mail/462.,446,1
bass-e/all_documents/1164.,446,1
bass-e/all_documents/1217.,690,1
bass-e/all_documents/1782.,232,1
bass-e/all_documents/202.,2,93
bass-e/all_documents/60.,26,1
bass-e/all_documents/630.,18,10
bass-e/deleted_items/139.,38,1
bass-e/discussion_threads/676.,29,6
bass-e/inbox/187.,0,1
bass-e/inbox/74.,23,81
bass-e/inbox/8.,32,169
bass-e/notes_inbox/411.,50,1
bass-e/sent_items/107.,0,1
baughman-d/all_documents/386.,20,1
baughman-d/all_documents/56.,2,1
baughman-d/discussion_threads/236.,32,6
baughman-d/enron_power/interviews/20.,3,1
baughman-d/enron_power/interviews/45.,20,1
baughman-d/inbox/59.,0,18
baughman-d/personal/home_buy/2.,13,1
beck-s/_sent_mail/408.,26,28
beck-s/all_documents/1996.,36,2
beck-s/all_documents/2553.,11,1
beck-s/all_documents/2572.,2,21
beck-s/all_documents/2814.,59,1
beck-s/all_documents/284.,1,1
beck-s/all_documents/5030.,33,1
beck-s/all_documents/512.,188,1
beck-s/all_documents/534.,7,4
beck-s/all_documents/538.,24,2
beck-s/calendar/31.,0,0
beck-s/commoditylogic/12.,6,11
beck-s/deleted_items/299.,10,85
beck-s/discussion_threads/4090.,58,1
beck-s/discussion_threads/905.,5,1
beck-s/doorstep/123.,12,2
beck-s/entelligence/11.,2,1
beck-s/recruiting/6.,7,4
beck-s/sent_items/261.,9,1
beck-s/sent_items/484.,140,1
beck-s/sent_items/519.,55,1
beck-s/sent/21.,129,1
beck-s/sent/609.,19,3
beck-s/sent/915.,404,1
beck-s/wilson__shona/36.,79,1
benson-r/all_documents/10.,6,14
benson-r/deleted_items/29.,0,1
benson-r/inbox/228.,0,0
blair-l/deleted_items/448.,36,1
blair-l/deleted_items/541.,14,90
blair-l/itinerary_off_duty/18.,6,45
blair-l/itinerary_off_duty/19.,8,5
blair-l/meetings/227.,0,0
blair-l/vacations_2001/4.,13,8
brawner-s/_sent_mail/45.,3,1
brawner-s/contract/4.,5,31
brawner-s/deleted_items/250.,232,18
brawner-s/deleted_items/65.,0,1
brawner-s/discussion_threads/83.,91,1
brawner-s/inbox/81.,18,1
brawner-s/sent_items/30.,7,1
buy-r/all_documents/34.,2,94
buy-r/inbox/1052.,24,108
buy-r/inbox/372.,1,1
buy-r/inbox/87.,5,1
buy-r/sent_items/263.,94,1
campbell-l/all_documents/1174.,0,0
campbell-l/all_documents/1699.,0,0
campbell-l/all_documents/216.,26,1
campbell-l/all_documents/554.,14,10
campbell-l/all_documents/566.,35,1
campbell-l/all_documents/793.,0,0
campbell-l/all_documents/893.,72,36
campbell-l/discussion_threads/147.,64,2
campbell-l/discussion_threads/455.,0,0
campbell-l/inbox/220.,574,104
campbell-l/inbox/624.,0,2
campbell-l/inbox/687.,28,1
campbell-l/inbox/710.,0,0
campbell-l/inbox/727.,1,1
campbell-l/notes_inbox/418.,49,1
campbell-l/notes_inbox/767.,15,1
campbell-l/personnal/36.,0,1
carson-m/_sent_mail/64.,20,1
carson-m/inbox/135.,574,111
carson-m/inbox/21.,1,2
carson-m/inbox/22.,0,1
carson-m/sent_items/71.,1,1
cash-m/deleted_items/87.,1,1
cash-m/deleted_items/91.,1,1
cash-m/inbox/124.,12,1
cash-m/inbox/222.,4,2
cash-m/sent_items/151.,10,1
cash-m/sent_items/6.,22,1
causholli-m/deleted_items/138.,13,11
causholli-m/inbox/122.,1,2
causholli-m/inbox/14.,2,1
causholli-m/inbox/175.,1,1
causholli-m/inbox/66.,2,1
causholli-m/sent_items/178.,13,1
corman-s/calendar/64.,0,0
corman-s/inbox/archives/85.,15,2
crandell-s/inbox/21.,14,1
crandell-s/inbox/24.,14,1
cuilla-m/10_fantasy/24.,11,1
cuilla-m/personal/2.,11,1
dasovich-j/all_documents/10168.,3,1
dasovich-j/all_documents/10263.,152,1
dasovich-j/all_documents/10681.,455,1
dasovich-j/all_documents/10786.,180,1
dasovich-j/all_documents/11714.,131,8
dasovich-j/all_documents/11715.,131,8
dasovich-j/all_documents/11815.,16,1
dasovich-j/all_documents/12581.,335,1
dasovich-j/all_documents/12722.,477,4
dasovich-j/all_documents/12780.,0,0
dasovich-j/all_documents/12869.,866,1
dasovich-j/all_documents/12994.,261,2
dasovich-j/all_documents/13405.,135,81
dasovich-j/all_documents/13408.,67,51
dasovich-j/all_documents/13474.,282,4
dasovich-j/all_documents/14.,18,113
dasovich-j/all_documents/1498.,5,1
dasovich-j/all_documents/180.,3,2
dasovich-j/all_documents/1956.,3,1
dasovich-j/all_documents/218.,1,16
dasovich-j/all_documents/26.,13,115
dasovich-j/all_documents/27806.,727,2
dasovich-j/all_documents/27958.,152,1
dasovich-j/all_documents/28184.,1,1
dasovich-j/all_documents/2839.,455,1
dasovich-j/all_documents/2914.,45,3
dasovich-j/all_documents/2921.,82,1
dasovich-j/all_documents/29284.,1,1
dasovich-j/all_documents/3052.,21,30
dasovich-j/all_documents/311.,5,40
dasovich-j/all_documents/3709.,23,1
dasovich-j/all_documents/4123.,5,1
dasovich-j/all_documents/4147.,1,1
dasovich-j/all_documents/4232.,36,1
dasovich-j/all_documents/684.,1,2
dasovich-j/all_documents/725.,1,4
dasovich-j/all_documents/7823.,1,1
dasovich-j/all_documents/8204.,37,39
dasovich-j/all_documents/906.,131,3
dasovich-j/all_documents/9111.,1,1
dasovich-j/all_documents/9267.,106,20
dasovich-j/all_documents/9469.,991,8
dasovich-j/all_documents/9963.,53,5
dasovich-j/budget/9.,131,13
dasovich-j/deleted_items/1521.,38,5
dasovich-j/deleted_items/1627.,158,96
dasovich-j/deleted_items/1737.,1,3
dasovich-j/deleted_items/51.,47,10
dasovich-j/deleted_items/547.,477,1
dasovich-j/deleted_items/58.,76,1
dasovich-j/deleted_items/781.,1,1
dasovich-j/inbox/106.,734,5
dasovich-j/inbox/1503.,7,1
dasovich-j/inbox/1543.,477,1
dasovich-j/inbox/1679.,21,1
dasovich-j/inbox/1767.,3,30
dasovich-j/inbox/441.,30,3
dasovich-j/inbox/655.,23,1
dasovich-j/inbox/704.,96,8
dasovich-j/inbox/906.,3,1
dasovich-j/mba__macroeconomics/36.,25,2
dasovich-j/notes_inbox/12412.,27,54
dasovich-j/notes_inbox/12663.,54,14
dasovich-j/notes_inbox/1508.,129,47
dasovich-j/notes_inbox/2613.,727,2
dasovich-j/notes_inbox/3860.,247,2
dasovich-j/notes_inbox/4467.,45,4
dasovich-j/notes_inbox/4962.,7,3
dasovich-j/notes_inbox/5324.,79,1
dasovich-j/notes_inbox/5814.,0,0
dasovich-j/sent_items/2147.,46,3
dasovich-j/sent_items/2317.,6,1
dasovich-j/sent_items/2397.,416,2
dasovich-j/sent_items/28.,10,1
dasovich-j/sent_items/897.,105,12
dasovich-j/sent/12076.,46,3
dasovich-j/sent/1251.,9,1
dasovich-j/sent/4416.,2724,1
davis-d/_sent_mail/41.,75,1
davis-d/all_documents/180.,2,57
davis-d/deleted_items/10.,0,1
davis-d/sent/142.,48,1
dean-c/all_documents/63.,170,2
dean-c/deleted_items/335.,0,1
dean-c/inbox/238.,147,15
dean-c/inbox/505.,13,1
delainey-d/_sent_mail/176.,2,1
delainey-d/_sent_mail/45.,26,1
delainey-d/all_documents/48.,105,7
delainey-d/all_documents/848.,7,1
delainey-d/sent/8.,22,1
derrick-j/contacts/47.,0,0
derrick-j/deleted_items/13.,3,2
derrick-j/sent_items/387.,0,1
derrick-j/sent_items/529.,164,1
donoho-l/deleted_items/100.,2,3
donoho-l/deleted_items/48.,283,7
dorland-c/all_documents/347.,22,1
dorland-c/inbox/20.,5,1
dorland-c/sent_items/455.,35,1
dorland-c/sent_items/75.,20,1
ermis-f/discussion_threads/252.,11,264
farmer-d/_sent_mail/539.,14,1
farmer-d/all_documents/1102.,138,14
farmer-d/all_documents/1426.,7,2
farmer-d/all_documents/1559.,30,6
farmer-d/all_documents/2043.,14,1
farmer-d/all_documents/2195.,11,4
farmer-d/all_documents/2941.,11,6
farmer-d/all_documents/3251.,9,1
farmer-d/all_documents/675.,11,1
farmer-d/all_documents/707.,39,4
farmer-d/all_documents/822.,5,5
farmer-d/cleburne_plant____cornhusker_/224.,11,2
farmer-d/deleted_items/personal/5.,9,1
farmer-d/discussion_threads/30.,24,4
farmer-d/discussion_threads/95.,29,1
farmer-d/industrials/64.,14,1
fossum-d/_sent_mail/1369.,169,1
fossum-d/_sent_mail/295.,78,3
fossum-d/_sent_mail/4.,10,1
fossum-d/_sent_mail/833.,667,1
fossum-d/_sent_mail/894.,667,1
fossum-d/all_documents/705.,14,16
fossum-d/all_documents/72.,5,1
fossum-d/all_documents/968.,8,2
gang-l/deleted_items/361.,1,1
gang-l/deleted_items/468.,1,1
gang-l/deleted_items/482.,0,1
gang-l/deleted_items/8.,2,4
gang-l/sent_items/84.,2,1
gay-r/discussion_threads/11.,14,1
geaccone-t/inbox/276.,125,1
geaccone-t/inbox/339.,4,2
geaccone-t/sent_items/291.,9,1
germany-c/_sent_mail/1173.,371,28
germany-c/_sent_mail/1202.,173,1
germany-c/_sent_mail/332.,200,1
germany-c/_sent_mail/386.,208,1
germany-c/all_documents/1646.,622,1
germany-c/all_documents/2119.,242,1
germany-c/all_documents/2496.,17,1
germany-c/all_documents/2564.,28,4
germany-c/all_documents/2996.,208,1
germany-c/all_documents/3215.,511,2
germany-c/all_documents/929.,20,2
germany-c/bankrupt/transport/14.,2,2
germany-c/ces/281.,11,1
germany-c/ces/30.,5,1
germany-c/ces/81.,5,1
germany-c/discussion_threads/1484.,2,1
germany-c/discussion_threads/1835.,1714,1
germany-c/discussion_threads/502.,385,2
germany-c/discussion_threads/659.,26,2
germany-c/inbox/94.,57,2
germany-c/sent_items/11.,114,2
germany-c/sent_items/1347.,171,1
germany-c/sent_items/618.,484,1
germany-c/sent_items/673.,43,1
germany-c/sent/1669.,208,2
germany-c/sent/1889.,208,1
germany-c/sent/1931.,200,1
germany-c/sent/710.,460,22
germany-c/transport/97.,638,4
gilbertsmith-d/ercot/puc/2.,1,1
gilbertsmith-d/ercot/transmission/2.,0,1
gilbertsmith-d/fundamentals/2.,133,87
giron-d/_sent_mail/364.,161,1
giron-d/all_documents/68.,2,6
giron-d/deleted_items/111.,0,17
giron-d/deleted_items/224.,73,1
giron-d/deleted_items/385.,0,0
giron-d/discussion_threads/625.,82,1
giron-d/inbox/172.,131,1
giron-d/inbox/260.,13,1
giron-d/sent/71.,60,1
griffith-j/all_documents/288.,0,0
griffith-j/all_documents/341.,2,1
griffith-j/deleted_items/219.,0,0
griffith-j/deleted_items/337.,22,2
griffith-j/deleted_items/698.,79,1
griffith-j/mesa/4.,14,2
grigsby-m/_sent_mail/177.,114,1
grigsby-m/all_documents/29.,23,56
guzman-m/_sent_mail/176.,22,1
guzman-m/_sent_mail/200.,9,1
guzman-m/_sent_mail/76.,48,1
guzman-m/all_documents/1140.,32,1
guzman-m/all_documents/1165.,9140,1
guzman-m/all_documents/1648.,44,1
guzman-m/all_documents/1816.,85,1
guzman-m/all_documents/470.,9140,1
guzman-m/discussion_threads/764.,5,121
guzman-m/notes_inbox/1658.,167,11
guzman-m/notes_inbox/712.,23,1
haedicke-m/all_documents/313.,1,1
haedicke-m/all_documents/4801.,0,0
haedicke-m/all_documents/4910.,96,2
haedicke-m/all_documents/613.,295,10
haedicke-m/inbox/190.,1,1
haedicke-m/inbox/221.,75,19
haedicke-m/inbox/52.,13,1
haedicke-m/notes_inbox/1391.,11,1
haedicke-m/sent/965.,76,1
hain-m/_sent_mail/153.,73,1
hain-m/all_documents/102.,2,1
hain-m/all_documents/1305.,62,1
hain-m/all_documents/140.,122,1
hain-m/all_documents/346.,2,1
hain-m/all_documents/5.,2,1
hain-m/all_documents/525.,1,1
hain-m/all_documents/798.,74,6
hain-m/discussion_threads/129.,71,1
hayslett-r/deleted_items/166.,15,1
hayslett-r/deleted_items/43.,0,2
hayslett-r/inbox/56.,1,1
hayslett-r/inbox/91.,21,1
hayslett-r/projects/northern_border/1.,8,1
hayslett-r/sent_items/394.,224,1
hendrickson-s/all_documents/182.,715,1
hendrickson-s/sent_items/31.,12,1
hernandez-j/_sent_mail/198.,7,2
hernandez-j/all_documents/329.,38,10
hernandez-j/all_documents/565.,23,1
hernandez-j/deleted_items/3.,0,0
hernandez-j/discussion_threads/508.,38,6
hernandez-j/inbox/172.,173,176
hernandez-j/inbox/205.,133,88
hernandez-j/notes_inbox/170.,99,1
hodge-j/deleted_items/230.,1,2
hodge-j/deleted_items/49.,0,1
hodge-j/sent_items/18.,400,1
hodge-j/sent_items/19.,2,1
horton-s/_sent_mail/53.,74,12
horton-s/all_documents/242.,24,2
horton-s/all_documents/461.,8,1
horton-s/deleted_items/63.,5,3
horton-s/sent/101.,2,1
hyatt-k/deleted_items/142.,5,1
hyatt-k/personal/33.,2,1
hyatt-k/sent_items/215.,0,1
hyatt-k/sent_items/272.,57,1
hyatt-k/sent_items/79.,0,15
hyvl-d/sent/285.,3,4
hyvl-d/sent/34.,13,1
jones-t/all_documents/11006.,1,2
jones-t/all_documents/11203.,3,1
jones-t/all_documents/1271.,522,4
jones-t/all_documents/1471.,91,1
jones-t/all_documents/2235.,634,1
jones-t/all_documents/2379.,1,1
jones-t/all_documents/3087.,107,16
jones-t/all_documents/3577.,11,1
jones-t/all_documents/3928.,95,1
jones-t/all_documents/3942.,803,1
jones-t/all_documents/4127.,3,3
jones-t/all_documents/5437.,49,13
jones-t/all_documents/5548.,59,2
jones-t/all_documents/5559.,258,2
jones-t/all_documents/5747.,19,1
jones-t/all_documents/9599.,1,438
jones-t/all_documents/98.,823,1
jones-t/all_documents/9843.,258,2
jones-t/all_documents/9874.,149,1
jones-t/notes_inbox/204.,7,1
jones-t/notes_inbox/4240.,1,1
jones-t/notes_inbox/429.,1,1
jones-t/notes_inbox/4595.,140,1
jones-t/notes_inbox/5178.,347,5
jones-t/notes_inbox/815.,9,1
jones-t/online_trading/112.,513,1
jones-t/online_trading/236.,48,1
jones-t/online_trading/275.,121,4
jones-t/sent/169.,5,1
kaminski-v/_sent_mail/1973.,60,1
kaminski-v/_sent_mail/4750.,4315,1
kaminski-v/_sent_mail/5.,4315,1
kaminski-v/_sent_mail/659.,4315,1
kaminski-v/all_documents/10299.,500,1
kaminski-v/all_documents/1039.,267,1
kaminski-v/all_documents/10713.,2,1
kaminski-v/all_documents/11198.,2,1
kaminski-v/all_documents/1261.,11,52
kaminski-v/all_documents/2690.,6,1
kaminski-v/all_documents/282.,1,1
kaminski-v/all_documents/2823.,363,1
kaminski-v/all_documents/3741.,2,1
kaminski-v/all_documents/3818.,2,5
kaminski-v/all_documents/4021.,22,1
kaminski-v/all_documents/4035.,267,1
kaminski-v/all_documents/4563.,20,1
kaminski-v/all_documents/4633.,5,1
kaminski-v/all_documents/4689.,3,1
kaminski-v/all_documents/5226.,20,1
kaminski-v/all_documents/5731.,4315,1
kaminski-v/all_documents/721.,267,1
kaminski-v/all_documents/9187.,4,1
kaminski-v/all_documents/9894.,11,1
kaminski-v/australia/5.,5,2
kaminski-v/c/mangmt/group/management/681.,13,2
kaminski-v/credit/78.,23,3
kaminski-v/deleted_items/2335.,19,1
kaminski-v/deleted_items/2380.,0,0
kaminski-v/deleted_items/386.,15,1
kaminski-v/deleted_items/597.,0,1
kaminski-v/deleted_items/628.,0,3
kaminski-v/deleted_items/899.,0,1
kaminski-v/deleted_items/920.,0,1
kaminski-v/deleted_items/989.,267,1
kaminski-v/eci/eci/100.,5,3
kaminski-v/inbox/190.,0,1
kaminski-v/inbox/80.,1,2
kaminski-v/personal/171.,8,1
kaminski-v/sent_items/2537.,17,2
kaminski-v/sent_items/2640.,442,1
kaminski-v/sent_items/2641.,442,1
kaminski-v/sent_items/781.,86,1
kaminski-v/sent_items/782.,86,1
kaminski-v/sent_items/949.,1,1
kaminski-v/sent_items/976.,86,1
kaminski-v/sent/4836.,116,1
kaminski-v/sent/653.,31,1
kaminski-v/sent/896.,43,1
kaminski-v/ut/18.,2,1
kean-s/all_documents/1652.,0,0
kean-s/all_documents/2040.,3,1
kean-s/all_documents/2049.,4,1
kean-s/all_documents/2176.,47,18
kean-s/all_documents/394.,10,2
kean-s/all_documents/436.,199,2
kean-s/all_documents/576.,2,1
kean-s/all_documents/5925.,168,1
kean-s/all_documents/6108.,56,3
kean-s/all_documents/8956.,93,9
kean-s/archiving/untitled/1788.,45,1
kean-s/archiving/untitled/4712.,0,0
kean-s/archiving/untitled/6337.,734,91
kean-s/archiving/untitled/8994.,60,2
kean-s/archiving/untitled/939.,24,1
kean-s/attachments/1532.,47,7
kean-s/attachments/592.,286,38
kean-s/calendar/untitled/8321.,734,116
kean-s/calendar/untitled/978.,1037,1
kean-s/california/103.,261,19
kean-s/caliornia___investigations/30.,404,1
kean-s/deleted_items/203.,4,116
kean-s/deleted_items/265.,0,0
kean-s/discussion_threads/1659.,4,1
kean-s/discussion_threads/1720.,171,18
kean-s/discussion_threads/3136.,59,2
kean-s/heat_wave/30.,171,11
kean-s/mckinsey_project/59.,5,1
kean-s/new_york/16.,64,1
kean-s/notes_inbox/13.,6,1
kean-s/ofccp_audit/3.,4,7
kean-s/rto/154.,35,1
kean-s/sec/3.,72,7
kean-s/sent_items/166.,1,1
kean-s/sent_items/229.,1037,1
kean-s/sent/1289.,1037,1
keavey-p/_sent_mail/16.,3,1
keavey-p/deleted_items/280.,45,1
keavey-p/discussion_threads/380.,18,1
keavey-p/inbox/234.,853,1
keiser-k/calendar/30.,2,3
king-j/deleted_items/160.,55,1
kitchen-l/_americas/east_power/175.,8,1
kitchen-l/_americas/east_power/245.,5,1
kitchen-l/_americas/esvl/106.,0,4
kitchen-l/_americas/esvl/37.,115,1
kitchen-l/_americas/esvl/430.,1,1
kitchen-l/_americas/esvl/48.,5,1
kitchen-l/_americas/esvl/642.,44,1
kitchen-l/_americas/hr/197.,8,103
kitchen-l/_americas/mrha/ooc/263.,80,2
kitchen-l/_americas/netco_credit/1.,5,1
kitchen-l/_americas/netco_hr/14.,137,1
kitchen-l/_americas/netco_hr/23.,15,1
kitchen-l/_americas/netco_it/4.,79,1
kitchen-l/_americas/regulatory/204.,3,11
kitchen-l/deleted_items/71.,188,1
kitchen-l/sent_items/155.,169,1
kitchen-l/sent_items/418.,40,4
kuykendall-t/_sent_mail/5.,3,1
kuykendall-t/_sent_mail/6.,6,1
kuykendall-t/_sent_mail/90.,3,1
kuykendall-t/deleted_items/153.,0,1
kuykendall-t/deleted_items/83.,0,1
kuykendall-t/sent/99.,5,1
lavorato-j/all_documents/1621.,24,1
lavorato-j/all_documents/177.,6,1
lavorato-j/deleted_items/96.,6,9
lavorato-j/personal/78.,8,1
lavorato-j/sent/148.,148,1
lavorato-j/sent/150.,120,1
lay-k/_sent/156.,121,1
lay-k/all_documents/177.,5,1
lay-k/all_documents/182.,7,7
lay-k/all_documents/199.,10,2
lay-k/all_documents/39.,5,1
lay-k/all_documents/733.,12,1
lay-k/calendar/8.,0,0
lay-k/deleted_items/419.,0,1
lay-k/discussion_threads/819.,5,20
lay-k/inbox/1031.,0,0
lay-k/inbox/1469.,0,0
lay-k/inbox/1694.,6,1
lay-k/inbox/1711.,0,1
lay-k/inbox/1865.,0,1
lay-k/inbox/35.,0,1
lay-k/inbox/392.,9,1
lay-k/inbox/480.,12,1
lay-k/inbox/584.,40,2
lay-k/inbox/603.,0,1
lay-k/inbox/621.,2,2
lay-k/inbox/752.,0,1
lay-k/inbox/768.,0,1
lay-k/inbox/816.,23,2
lay-k/inbox/881.,0,0
lay-k/inbox/972.,0,1
lay-k/notes_inbox/424.,68,9
lay-k/notes_inbox/428.,11,15
lenhart-m/all_documents/106.,5,1
lenhart-m/all_documents/1469.,16,1
lenhart-m/all_documents/1506.,147,1
lenhart-m/all_documents/1627.,330,1
lenhart-m/all_documents/1857.,168,1
lenhart-m/all_documents/1863.,17,1
lenhart-m/all_documents/2755.,11,1
lenhart-m/all_documents/2967.,3,1
lenhart-m/all_documents/3019.,172,7
lenhart-m/all_documents/414.,365,1
lenhart-m/all_documents/813.,234,1
lenhart-m/all_documents/98.,5,1
lenhart-m/deleted_items/271.,3,9
lenhart-m/sent_items/841.,329,1
lenhart-m/sent/1927.,41,1
lenhart-m/sent/29.,300,1
lewis-a/all_documents/184.,0,0
lewis-a/deleted_items/1050.,0,1
lewis-a/deleted_items/1341.,14,1
lewis-a/deleted_items/65.,12,1
lewis-a/sent_items/27.,1,1
linder-e/discussion_threads/702.,506,1
lokay-m/all_documents/1945.,35,1
lokay-m/all_documents/1971.,130,1
lokay-m/all_documents/377.,66,1
lokay-m/all_documents/402.,140,1
lokay-m/all_documents/520.,0,0
lokay-m/all_documents/845.,711,8
lokay-m/articles/277.,711,9
lokay-m/corporate/2.,29,1
lokay-m/corporate/613.,0,0
lokay-m/corporate/651.,131,1
lokay-m/discussion_threads/200.,7,1
lokay-m/discussion_threads/79.,5,3
lokay-m/personal/3.,6,1
lokay-m/personal/86.,102,1
lokay-m/sent_items/144.,8,1
lokey-t/deleted_items/155.,0,1
lokey-t/inbox/21.,1,14
lokey-t/inbox/931.,5,30
love-p/_sent_mail/394.,5,1
love-p/_sent_mail/417.,13,1
love-p/all_documents/155.,72,5
love-p/all_documents/658.,163,1
love-p/deleted_items/302.,1,1
love-p/discussion_threads/303.,72,1
love-p/discussion_threads/47.,5,11
love-p/sent_items/131.,47,7
love-p/sent/102.,5,1
love-p/sent/11.,198,1
love-p/sent/650.,135,5
maggi-m/deleted_items/1307.,498,1
maggi-m/deleted_items/165.,8,1
maggi-m/inbox/80.,498,1
mann-k/_sent_mail/1966.,104,1
mann-k/_sent_mail/2388.,1060,1
mann-k/_sent_mail/2572.,1060,1
mann-k/_sent_mail/3145.,906,1
mann-k/_sent_mail/3372.,802,1
mann-k/_sent_mail/3549.,1016,1
mann-k/all_documents/1807.,906,1
mann-k/all_documents/476.,187,1
mann-k/all_documents/5093.,7,2
mann-k/all_documents/5501.,20,10
mann-k/all_documents/5677.,8,1
mann-k/discussion_threads/14.,104,1
mann-k/discussion_threads/221.,169,1
mann-k/discussion_threads/3415.,47,2
mann-k/discussion_threads/3603.,1,6
mann-k/discussion_threads/4253.,26,14
mann-k/enovate/77.,0,1
mann-k/general_stuff/36.,1714,1
mann-k/sent_items/140.,1,1
mann-k/sent/1790.,1597,1
mann-k/sent/2966.,224,1
mann-k/sent/4070.,483,1
mann-k/sent/696.,1597,1
martin-t/sent_items/44.,20,1
may-l/inbox/21.,39,2
may-l/inbox/609.,14,54
may-l/inbox/935.,19,4
may-l/inbox/984.,3,1
mccarty-d/calendar/51.,0,0
mccarty-d/deleted_items/305.,1,1
mccarty-d/sent_items/268.,15,1
mcconnell-m/_sent_mail/44.,6,1
mcconnell-m/all_documents/157.,7,1
mckay-b/all_documents/43.,9,1
mckay-b/inbox/69.,232,12
mckay-j/personal/39.,0,1
mckay-j/quotes/75.,10,1
mclaughlin-e/_sent_mail/18.,31,1
mclaughlin-e/gossett/58.,1,1
mclaughlin-e/private_folders/corp_info_announcements/34.,377,1
merriss-s/notes_inbox/23.,28,63
mims-thurston-p/_sent_mail/124.,17,1
neal-s/all_documents/7.,6,1
neal-s/deleted_items/27.,39,2
neal-s/inbox/135.,0,1
nemec-g/all_documents/1047.,79,1
nemec-g/all_documents/1105.,0,0
nemec-g/all_documents/4383.,1,9
nemec-g/all_documents/5066.,23,1
nemec-g/all_documents/5566.,74,1
nemec-g/all_documents/6417.,22,1
nemec-g/all_documents/711.,152,2
nemec-g/deleted_items/63.,0,1
nemec-g/inbox/1663.,67,40
nemec-g/inbox/189.,3,2
nemec-g/inbox/789.,17,1
nemec-g/notes_inbox/409.,53,1
nemec-g/sent/2030.,3,3
nemec-g/sent/2260.,33,1
parks-j/deleted_items/1316.,61,3
parks-j/deleted_items/43.,5,1
parks-j/deleted_items/530.,61,3
parks-j/deleted_items/559.,85,1
parks-j/deleted_items/863.,44,1
parks-j/inbox/199.,5,1
parks-j/inbox/273.,4,16
parks-j/inbox/276.,13,9
parks-j/inbox/299.,0,5
parks-j/inbox/456.,3,1
pereira-s/all_documents/114.,61,1
perlingiere-d/deleted_items/110.,62,1
perlingiere-d/deleted_items/201.,62,1
perlingiere-d/deleted_items/210.,6,1
perlingiere-d/deleted_items/240.,0,0
perlingiere-d/deleted_items/65.,62,1
perlingiere-d/deleted_items/8.,62,1
perlingiere-d/deleted_items/92.,62,1
pimenov-v/inbox/7.,5,1
platter-p/deleted_items/10.,12,1
presto-k/deleted_items/1473.,107,1
presto-k/sent_items/347.,9,1
presto-k/sent_items/484.,46,1
presto-k/sent_items/609.,9,1
presto-k/sent_items/770.,0,1
presto-k/sent_items/884.,2,7
quigley-d/_exchange_info/68.,26,1
quigley-d/private_folders/ffl/33.,5,14
quigley-d/sent_items/145.,4,1
quigley-d/sent_items/248.,102,1
quigley-d/sent_items/257.,4,1
quigley-d/sent_items/370.,16,1
reitmeyer-j/inbox/149.,0,11
reitmeyer-j/inbox/170.,0,39
richey-c/_sent_mail/54.,0,2
richey-c/deleted_items/7.,0,1
richey-c/inbox/21.,7,1
richey-c/inbox/47.,0,1
richey-c/r/13.,0,1
richey-c/sent_items/78.,0,1
ring-a/_sent_mail/78.,84,1
ring-a/sent_items/8.,6,1
ring-r/deleted_items/126.,0,1
ring-r/deleted_items/265.,3,1
ring-r/deleted_items/39.,0,1
ring-r/personalfolder/72.,0,21
rodrique-r/_sent_mail/117.,757,1
rodrique-r/discussion_threads/187.,285,1
rodrique-r/sent/273.,19,1
rogers-b/all_documents/1019.,2,2
rogers-b/all_documents/1617.,14,1
rogers-b/all_documents/1685.,11,1
rogers-b/all_documents/2033.,16,2
rogers-b/all_documents/601.,8,1
rogers-b/all_documents/716.,14,1
rogers-b/all_documents/725.,14,1
rogers-b/motley_fool_e_mails/166.,370,1
rogers-b/personal/129.,2,1
rogers-b/texas_b_school/18.,5,1
ruscitti-k/_sent_mail/127.,47,1
ruscitti-k/_sent_mail/82.,3,1
ruscitti-k/all_documents/162.,2,15
ruscitti-k/all_documents/178.,182,2
ruscitti-k/all_documents/222.,182,2
ruscitti-k/all_documents/286.,5,1
ruscitti-k/deleted_items/49.,56,21
ruscitti-k/inbox/176.,0,0
ruscitti-k/sent_items/39.,1,1
sager-e/all_documents/1247.,4,1
sager-e/all_documents/268.,9,1
sager-e/all_documents/334.,5,1
sager-e/inbox/470.,39,1
sager-e/inbox/486.,39,1
sager-e/inbox/495.,30,1
sager-e/inbox/532.,0,1
sager-e/notes_inbox/308.,11,10
sager-e/sent/362.,3,1
saibi-e/inbox/127.,58,2
saibi-e/inbox/150.,212,1
salisbury-h/inbox/298.,4,1
salisbury-h/inbox/342.,11,21
salisbury-h/inbox/990.,0,0
salisbury-h/sent_items/125.,2,1
salisbury-h/sent_items/20.,2,1
sanchez-m/sent_items/22.,22,1
sanders-r/all_documents/1036.,30,1
sanders-r/all_documents/1465.,71,1
sanders-r/all_documents/1537.,55,12
sanders-r/all_documents/1853.,248,1
sanders-r/all_documents/189.,1,1
sanders-r/all_documents/3590.,2,1
sanders-r/all_documents/365.,25,2
sanders-r/all_documents/3708.,1,1
sanders-r/all_documents/3786.,3,1
sanders-r/all_documents/5182.,93,1
sanders-r/all_documents/629.,1,1
sanders-r/calendar/7.,0,0
sanders-r/deleted_items/121.,6,1
sanders-r/deleted_items/412.,5,1
sanders-r/deleted_items/nsm/12.,3,1
sanders-r/ecogas/15.,13,4
sanders-r/misc/71.,0,1
sanders-r/sempra/1.,1,6
sanders-r/senator_dunn_inv_/19.,5,1
sanders-r/senator_dunn_inv_/49.,15,2
sanders-r/sent_items/269.,1,1
sanders-r/sent_items/89.,12,1
sanders-r/tenaska/23.,1,1
scholtes-d/diana_scholtes/saved_sent/107.,35,1
scholtes-d/diana_scholtes/saved_sent/16.,6,1
scholtes-d/diana_scholtes/saved_sent/5.,35,1
schoolcraft-d/deleted_items/158.,23,2
schoolcraft-d/inbox/junk/357.,1,2
schoolcraft-d/inbox/junk/567.,7,11
schoolcraft-d/sent_items/282.,0,1
schoolcraft-d/tw/20.,30,1
schwieger-j/all_documents/1.,10,3
schwieger-j/all_documents/16.,2,1
schwieger-j/all_documents/47.,15,1
schwieger-j/deleted_items/9.,13,3
schwieger-j/sent_items/145.,21,1
schwieger-j/sent_items/75.,21,1
scott-s/_sent_mail/1278.,5,1
scott-s/_sent_mail/438.,62,1
scott-s/_sent_mail/446.,3,1
scott-s/_sent_mail/811.,135,1
scott-s/all_documents/347.,67,63
scott-s/deleted_items/83.,1,9
scott-s/discussion_threads/89.,0,0
scott-s/inbox/16.,5,4
scott-s/inbox/330.,3,8
scott-s/notes_inbox/222.,453,1
scott-s/sent_items/418.,20,1
scott-s/sent_items/607.,7,1
scott-s/wordsmith/43.,453,1
semperger-c/deleted_items/66.,345,2
semperger-c/sent_items/246.,1,1
semperger-c/sent_items/250.,15,3
shackleton-s/all_documents/11012.,312,1
shackleton-s/all_documents/11325.,23,1
shackleton-s/all_documents/11460.,3,1
shackleton-s/all_documents/1525.,3,1
shackleton-s/all_documents/2215.,37,4
shackleton-s/all_documents/2820.,23,1
shackleton-s/all_documents/4308.,7,11
shackleton-s/all_documents/4580.,15,10
shackleton-s/all_documents/4707.,76,1
shackleton-s/all_documents/770.,294,1
shackleton-s/deleted_items/375.,0,2
shackleton-s/inbox/1093.,52,40
shackleton-s/inbox/491.,150,1
shackleton-s/inbox/798.,182,1
shackleton-s/inbox/974.,12,3
shackleton-s/notes_inbox/1118.,2,1
shackleton-s/notes_inbox/2083.,11,1
shackleton-s/notes_inbox/2504.,13,1
shackleton-s/sent_items/340.,16,1
shackleton-s/sent/178.,91,1
shankman-j/all_documents/161.,9,1
shankman-j/all_documents/171.,41,1
shankman-j/all_documents/179.,28,1
shankman-j/discussion_threads/533.,10,1
shankman-j/inbox/14.,0,0
shankman-j/old_email/14.,20,1
shankman-j/sent/471.,14,1
shankman-j/sent/648.,15,1
shapiro-r/all_documents/1678.,30,7
shapiro-r/all_documents/716.,634,5
shapiro-r/all_documents/853.,79,1
shapiro-r/deleted_items/24.,12,1
shapiro-r/deleted_items/258.,2908,5
shapiro-r/deleted_items/774.,7,1
shapiro-r/deleted_items/852.,100,4
shapiro-r/discussion_threads/1427.,5,1
shapiro-r/gas_issues/16.,2,11
shapiro-r/granite__2_/24.,0,0
shively-h/contacts/11.,0,0
shively-h/deleted_items/150.,8,1
shively-h/deleted_items/410.,42,53
skilling-j/all_documents/1279.,634,1
skilling-j/all_documents/1498.,5,2
skilling-j/deleted_items/108.,51,83
skilling-j/deleted_items/174.,47,1
skilling-j/deleted_items/364.,0,19
skilling-j/deleted_items/481.,1,1
skilling-j/deleted_items/91.,3,1
skilling-j/discussion_threads/1087.,19,1
skilling-j/inbox/1507.,0,1
skilling-j/inbox/1574.,0,2
skilling-j/inbox/26.,0,1
skilling-j/inbox/393.,0,1
skilling-j/inbox/44.,99,1
skilling-j/inbox/976.,0,1
slinger-r/inbox/41.,83,1
smith-m/_sent_mail/242.,62,1
smith-m/all_documents/81.,75,1
smith-m/inbox/108.,40,1
smith-m/pipeline_matters/5.,44,16
smith-m/sent_items/167.,1,1
smith-m/sent/19.,2,1
staab-t/sent_items/57.,5,1
staab-t/to_do_list/9.,0,1
stclair-c/all_documents/135.,185,1
stclair-c/all_documents/2318.,1,7
stclair-c/all_documents/859.,73,1
stclair-c/important_e_mails/5.,1,1
steffes-j/deleted_items/17.,12,33
steffes-j/deleted_items/43.,8,1
steffes-j/inbox/176.,0,1
steffes-j/inbox/484.,2,1
steffes-j/security___collateral/14.,24,7
steffes-j/sent_items/754.,185,1
steffes-j/sent_items/768.,160,22
steffes-j/sent_items/785.,75,1
stepenovitch-j/all_documents/213.,3,1
stepenovitch-j/discussion_threads/134.,12,1
stepenovitch-j/inbox/111.,1,1
stepenovitch-j/inbox/personal_mail/24.,6,1
stokley-c/chris_stokley/iso/mrkt_info/57.,74,1
stokley-c/chris_stokley/projects/ees_/neil_b_/1.,20,1
stokley-c/chris_stokley/sent/132.,10,1
stokley-c/chris_stokley/sent/148.,51,1
stokley-c/chris_stokley/sent/150.,6,1
stokley-c/chris_stokley/sent/338.,51,1
stokley-c/chris_stokley/sent/459.,6,1
stokley-c/chris_stokley/sent/490.,0,1
storey-g/all_documents/2.,37,12
storey-g/estate/9.,0,1
swerzbin-m/inbox/88.,18,1
symes-k/_sent_mail/1016.,95,1
symes-k/all_documents/1687.,7,4
symes-k/all_documents/3008.,111,1
symes-k/all_documents/3255.,14,1
symes-k/all_documents/621.,11,6
symes-k/deal_communication/deal_discrepancies/874.,825,1
symes-k/discussion_threads/1033.,938,1
symes-k/discussion_threads/3670.,26,1
symes-k/power_marketer/7.,0,0
taylor-m/all_documents/1119.,1,1
taylor-m/all_documents/1271.,85,1
taylor-m/all_documents/2036.,2,1
taylor-m/all_documents/2185.,457,5
taylor-m/all_documents/2312.,157,1
taylor-m/all_documents/2363.,73,1
taylor-m/all_documents/3395.,41,1
taylor-m/all_documents/3691.,3,1
taylor-m/all_documents/3716.,5,1
taylor-m/all_documents/7415.,47,1
taylor-m/all_documents/7706.,3,1
taylor-m/all_documents/816.,7,1
taylor-m/all_documents/8338.,408,194
taylor-m/archive/2001_11/68.,2,12
taylor-m/contacts/5.,0,0
taylor-m/deleted_items/229.,13,1
taylor-m/notes_inbox/1024.,290,1
taylor-m/notes_inbox/1492.,8,3
taylor-m/notes_inbox/987.,13,7
taylor-m/online_trading/credit_derivatives/87.,40,4
taylor-m/sent/557.,25,1
taylor-m/sent/828.,85,1
taylor-m/time_off/39.,141,12
taylor-m/travel/15.,5,1
tholt-j/_sent_mail/163.,45,1
tholt-j/_sent_mail/18.,2,1
tholt-j/_sent_mail/83.,2,1
tholt-j/deleted_items/139.,22,1
tholt-j/janie/138.,3,115
tholt-j/janie/33.,17,1
thomas-p/deleted_items/101.,122,1
thomas-p/deleted_items/321.,197,1
tycholiz-b/_sent_mail/15.,4,1
tycholiz-b/deleted_items/21.,3,1
tycholiz-b/inbox/12.,0,1
tycholiz-b/inbox/335.,2,1
ward-k/contacts/48.,0,0
ward-k/contacts/62.,0,0
ward-k/inbox/316.,22,1
ward-k/personal/37.,2,1
ward-k/sent_items/741.,9,1
watson-k/deleted_items/159.,15,1
watson-k/e_mail_bin/38.,0,1
watson-k/inbox/153.,0,3
watson-k/inbox/21.,283,10
weldon-c/all_documents/90.,2,1
weldon-c/sent_items/171.,2,1
whalley-g/_sent_mail/7.,158,9
whalley-g/all_documents/328.,12,103
whalley-g/inbox/110.,3,1
whalley-g/inbox/317.,0,1
whalley-g/sent_items/77.,0,1
whalley-g/test/calendar/78.,0,0
whalley-g/to_do/19.,0,0
whalley-l/_sent_mail/175.,5,1
whalley-l/_sent_mail/40.,2,1
whalley-l/all_documents/706.,2,1
whalley-l/notes_inbox/383.,2,1
whalley-l/notes_inbox/58.,73,4
whalley-l/sent/2.,5,1
white-s/deleted_items/246.,31,1
white-s/sent_items/140.,13,1
whitt-m/inbox/397.,15,1
whitt-m/sent_items/135.,18,1
whitt-m/sent_items/373.,67,2
williams-j/all_documents/6.,4,3
williams-j/deleted_items/109.,0,1
williams-j/inbox/76.,0,0
williams-w3/bill_williams_iii/302.,38,1
williams-w3/bill_williams_iii/921.,0,0
williams-w3/schedule_crawler/182.,9140,1
williams-w3/sent_items/156.,1,1
williams-w3/sent_items/478.,1,1
williams-w3/sent_items/50.,9,1
wolfe-j/07_saved/59.,3,1
wolfe-j/08_saved/15.,0,0
wolfe-j/09_saved/1.,1,1
wolfe-j/deleted_items/28.,0,1
wolfe-j/inbox/306.,0,1
wolfe-j/saved_03/25.,277,1
ybarbo-p/all_documents/75.,9,1
ybarbo-p/deleted_items/90.,103,8
ybarbo-p/inbox/19.,3,3
zipper-a/deleted_items/114.,1,2
zipper-a/deleted_items/199.,0,0
zipper-a/deleted_items/427.,10,1
zipper-a/deleted_items/537.,10,1
zipper-a/inbox/60.,2,31
zipper-a/sent_items/23.,14,1
zipper-a/sent_items/270.,23,1
zipper-a/tradecounts/20.,42,14
zufferli-j/calendar/2.,0,6
