n_recipients,is_reply_or_forward,sender_automated,has_list_unsubscribe,has_precedence_bulk,hour_sin,hour_cos,is_weekend,is_business_hours,file
1,1,0,0,0,0.9832549075639546,-0.18223552549214753,0,0,allen-p/_sent_mail/136.
1,0,0,0,0,-0.08715574274765743,0.9961946980917455,0,0,allen-p/_sent_mail/554.
1,1,0,0,0,0.9222009716704519,-0.3867109616368205,0,0,allen-p/all_documents/233.
1,0,0,0,0,0.9914448613738104,0.1305261922200517,1,0,arnold-j/_sent_mail/267.
1,0,0,0,0,0.9351352096860117,0.3542910379977158,0,0,arnold-j/_sent_mail/3.
1,0,0,0,0,0.15212338618991708,-0.9883615104677607,0,1,arnold-j/_sent_mail/643.
1,1,0,0,0,0.6977904598416802,-0.7163019434246543,0,1,arnold-j/_sent_mail/701.
3,1,0,0,0,-0.22495105434386534,0.9743700647852351,0,0,arnold-j/all_documents/37.
1,1,0,0,0,0.10452846326765346,0.9945218953682733,0,0,arnold-j/all_documents/414.
1,1,0,0,0,0.23768589232617293,-0.9713420698132614,0,1,arnold-j/all_documents/990.
1,0,0,0,0,-0.9790454724845837,-0.2036417511401782,0,1,arnold-j/deleted_items/546.
1,0,0,0,0,0.8265897491271889,-0.5628049276950682,0,1,arnold-j/deleted_items/72.
1,1,0,0,0,-0.9670459389139431,-0.25460194820552773,0,1,arnold-j/inbox/162.
1,1,0,0,0,0.6819983600624985,-0.7313537016191705,0,1,arnold-j/sent_items/126.
1,1,0,0,0,0.9807852804032304,0.19509032201612833,0,0,arnold-j/sent_items/140.
1,1,0,0,0,0.8115739819650124,-0.5842496656374342,0,1,arnold-j/sent_items/307.
1,1,0,0,0,0.949699126201877,0.31316380648374953,0,0,arnold-j/sent/225.
1,0,0,0,0,0.38671096163682056,0.9222009716704518,0,0,arnold-j/sent/549.
1,0,0,0,0,0.4344452574044172,-0.9006982393225879,0,1,arora-h/deleted_items/162.
0,0,0,0,0,0.28401534470392265,0.958819734868193,0,0,arora-h/deleted_items/58.
18,0,0,0,0,0.2121776721564464,-0.9772311064626789,0,1,badeer-r/all_documents/1.
1,0,0,0,0,0.20791169081775931,-0.9781476007338057,0,1,badeer-r/all_documents/225.
1,0,0,0,0,0.9896513868196702,-0.14349262199117915,0,0,badeer-r/all_documents/31.
1,1,0,0,0,0.9972501850994857,-0.074108490195399,0,0,bass-e/_sent_mail/1037.
1,0,0,0,0,0.02181488503456112,0.9997620270799091,0,0,bass-e/_sent_mail/1449.
1,0,0,0,0,0.6225146366376195,0.7826081568524139,0,0,bass-e/_sent_mail/184.
7,0,0,0,0,0.10886687485196457,0.9940563382223196,0,0,bass-e/_sent_mail/221.
1,0,0,0,0,0.8890171414857364,-0.45787391511695685,0,0,bass-e/_sent_mail/2382.
1,0,0,0,0,0.7313537016191705,0.6819983600624985,0,0,bass-e/_sent_mail/462.
1,0,0,0,0,0.4886212414969549,0.8724960070727972,0,0,bass-e/all_documents/1164.
1,0,0,0,0,0.4461978131098087,0.8949343616020251,0,0,bass-e/all_documents/1217.
1,1,0,0,0,-0.061048539534857754,0.9981347984218669,0,0,bass-e/all_documents/1782.
93,0,0,0,0,0.4226182617406994,0.9063077870366499,0,0,bass-e/all_documents/202.
1,0,0,0,0,0.9972501850994857,-0.074108490195399,0,0,bass-e/all_documents/60.
10,0,0,0,0,0.7547095802227721,-0.6560590289905072,0,1,bass-e/all_documents/630.
1,0,0,0,0,0.9890158633619168,-0.14780941112961044,0,0,bass-e/deleted_items/139.
6,0,0,0,0,0.5628049276950685,0.8265897491271886,0,0,bass-e/discussion_threads/676.
1,0,0,0,0,-0.2376858923261727,-0.9713420698132615,0,1,bass-e/inbox/187.
82,0,0,0,0,-0.37055743750983605,-0.9288095528719243,0,1,bass-e/inbox/74.
169,0,0,0,0,-0.5299192642332043,-0.8480480961564263,0,1,bass-e/inbox/8.
1,0,0,0,0,-0.7575649843840494,-0.6527597524627227,0,1,bass-e/notes_inbox/411.
1,0,0,0,0,-0.4539904997395471,-0.8910065241883677,0,1,bass-e/sent_items/107.
3,0,0,0,0,0.685182990326359,-0.7283709698824004,0,1,baughman-d/all_documents/386.
1,0,0,0,0,0.8166415551616789,0.5771451900372337,0,0,baughman-d/all_documents/56.
6,0,0,0,0,0.5262139236518698,-0.8503522249955627,0,1,baughman-d/discussion_threads/236.
1,0,0,0,0,0.13485093027372314,-0.9908658973868822,0,1,baughman-d/enron_power/interviews/20.
3,0,0,0,0,-0.9575713608048146,0.2881962681340887,0,0,baughman-d/enron_power/interviews/45.
19,1,0,0,0,-0.10018806161207613,-0.9949685182509117,0,1,baughman-d/inbox/59.
1,1,0,0,0,0.7906895737438433,0.6122172800344493,0,0,baughman-d/personal/home_buy/2.
48,0,0,0,0,0.6052939880428945,0.796002002534622,0,0,beck-s/_sent_mail/408.
3,0,0,0,0,0.9692309097067544,0.24615329302899316,0,0,beck-s/all_documents/1996.
7,0,0,0,0,0.34611705707749285,-0.9381913359224842,0,1,beck-s/all_documents/2553.
31,0,0,0,0,0.9222009716704519,-0.3867109616368205,0,0,beck-s/all_documents/2572.
1,0,0,0,0,-0.30070579950427306,-0.9537169507482269,1,0,beck-s/all_documents/2814.
2,0,0,0,0,0.7372773368101241,-0.6755902076156602,0,1,beck-s/all_documents/284.
1,0,0,0,0,0.3420201433256689,-0.9396926207859083,0,1,beck-s/all_documents/5030.
2,0,0,0,0,0.9523957996432784,0.3048642990280109,0,0,beck-s/all_documents/512.
7,1,0,0,0,-0.04797812852134387,0.9988483864849507,0,0,beck-s/all_documents/534.
3,1,0,0,0,0.9996573249755573,0.02617694830787314,0,0,beck-s/all_documents/538.
0,0,0,0,0,0.12186934340514755,-0.992546151641322,0,1,beck-s/calendar/31.
14,0,0,0,0,0.4344452574044171,0.9006982393225879,0,0,beck-s/commoditylogic/12.
85,0,0,0,0,-0.9781476007338056,-0.2079116908177598,1,0,beck-s/deleted_items/299.
6,1,0,0,0,0.7826081568524139,0.6225146366376195,0,0,beck-s/discussion_threads/4090.
1,0,0,0,0,0.816641555161679,-0.5771451900372335,0,1,beck-s/discussion_threads/905.
5,0,0,0,0,0.24615329302899278,-0.9692309097067544,0,1,beck-s/doorstep/123.
3,1,0,0,0,0.5555702330196025,-0.831469612302545,0,1,beck-s/entelligence/11.
7,1,0,0,0,0.30486429902801077,-0.9523957996432784,0,1,beck-s/recruiting/6.
1,1,0,0,0,0.18652403600873463,-0.9824503977255098,0,1,beck-s/sent_items/261.
1,1,0,0,0,-0.19080899537654472,-0.981627183447664,0,1,beck-s/sent_items/484.
1,0,0,0,0,-0.923879532511287,0.38268343236508917,0,0,beck-s/sent_items/519.
1,1,0,0,0,0.47331966718484336,0.8808907382053855,0,0,beck-s/sent/21.
6,0,0,0,0,0.37864861735243294,-0.9255405040175664,0,1,beck-s/sent/609.
1,1,0,0,0,0.8549118706729465,-0.5187732581605216,0,1,beck-s/sent/915.
5,1,0,0,0,0.9510565162951535,0.30901699437494745,0,0,beck-s/wilson__shona/36.
14,1,0,0,0,0.9832549075639546,-0.18223552549214753,0,0,benson-r/all_documents/10.
1,0,0,0,0,0.8788171126619654,-0.47715876025960846,1,0,benson-r/deleted_items/29.
0,0,0,0,0,-0.9304175679820244,0.3665012267242977,1,0,benson-r/inbox/228.
1,0,1,0,0,0.1607425656038261,0.9869963665602319,1,0,blair-l/deleted_items/448.
90,0,0,0,0,-0.39073112848927355,-0.9205048534524404,0,1,blair-l/deleted_items/541.
45,0,0,0,0,-0.48480962024633695,-0.8746197071393959,0,1,blair-l/itinerary_off_duty/18.
5,0,0,0,0,0.515038074910054,-0.8571673007021124,0,1,blair-l/itinerary_off_duty/19.
0,0,0,0,0,-0.8703556959399,-0.49242356010346644,0,1,blair-l/meetings/227.
9,0,0,0,0,0.18652403600873463,-0.9824503977255098,0,1,blair-l/vacations_2001/4.
1,1,0,0,0,0.961261695938319,-0.27563735581699883,0,0,brawner-s/_sent_mail/45.
31,0,0,0,0,0.3907311284892737,0.9205048534524404,0,0,brawner-s/contract/4.
24,1,0,0,0,0.9238795325112868,-0.3826834323650895,0,0,brawner-s/deleted_items/250.
1,0,0,0,0,-0.7343225094356852,0.6788007455329421,1,0,brawner-s/deleted_items/65.
1,0,0,0,0,0.949699126201877,0.31316380648374953,0,0,brawner-s/discussion_threads/83.
1,1,0,0,0,0.7632324697825288,-0.646123979642964,0,1,brawner-s/inbox/81.
1,1,0,0,0,0.9523957996432784,-0.30486429902801077,0,0,brawner-s/sent_items/30.
94,0,0,0,0,0.9670459389139432,-0.2546019482055275,0,0,buy-r/all_documents/34.
108,0,0,0,0,-0.8829475928589265,-0.4694715627858915,0,1,buy-r/inbox/1052.
1,0,0,0,0,-0.5664062369248329,-0.8241261886220156,0,1,buy-r/inbox/372.
1,0,0,0,0,0.9869963665602319,-0.160742565603826,0,0,buy-r/inbox/87.
1,1,0,0,0,-0.7933533402912349,-0.6087614290087209,0,1,buy-r/sent_items/263.
0,0,0,0,0,0.9238795325112868,-0.3826834323650895,0,0,campbell-l/all_documents/1174.
0,0,0,0,0,0.3826834323650899,-0.9238795325112867,0,1,campbell-l/all_documents/1699.
4,0,0,0,0,0.2334453638559054,0.9723699203976766,0,0,campbell-l/all_documents/216.
10,0,0,0,0,0.48098876891938763,0.8767267557075077,0,0,campbell-l/all_documents/554.
2,1,0,0,0,0.6691306063588583,-0.7431448254773941,0,1,campbell-l/all_documents/566.
0,1,0,0,0,0.19509032201612825,0.9807852804032304,0,0,campbell-l/all_documents/793.
38,0,0,0,0,0.3987490689252462,0.917060074385124,0,0,campbell-l/all_documents/893.
2,0,0,0,0,0.9986295347545738,0.052335956242943966,0,0,campbell-l/discussion_threads/147.
0,0,0,0,0,-0.8660254037844385,-0.5000000000000004,0,1,campbell-l/discussion_threads/455.
104,1,0,0,0,0.9832549075639546,-0.18223552549214753,0,0,campbell-l/inbox/220.
2,0,0,0,0,-0.2292003909224143,-0.9733792584604485,0,1,campbell-l/inbox/624.
2,0,0,0,0,0.7604059656000309,-0.6494480483301835,0,1,campbell-l/inbox/687.
0,0,0,0,0,-0.7716245833877202,0.6360782202777636,0,0,campbell-l/inbox/710.
2,1,0,0,0,1.0,6.123233995736766e-17,0,0,campbell-l/inbox/727.
1,0,0,0,0,-0.2881962681340892,-0.9575713608048144,1,0,campbell-l/notes_inbox/418.
1,1,0,0,0,0.9366721892483977,-0.3502073812594673,0,0,campbell-l/notes_inbox/767.
1,0,0,0,0,-0.559192903470747,-0.8290375725550415,0,1,campbell-l/personnal/36.
1,1,0,0,0,0.8241261886220157,0.5664062369248328,0,0,carson-m/_sent_mail/64.
111,1,0,0,0,0.7132504491541816,-0.7009092642998509,0,1,carson-m/inbox/135.
2,0,0,0,0,0.9426414910921784,-0.3338068592337708,0,0,carson-m/inbox/21.
1,0,0,0,0,-0.891006524188368,0.45399049973954664,0,0,carson-m/inbox/22.
1,1,0,0,0,-0.3987490689252459,-0.9170600743851242,0,1,carson-m/sent_items/71.
9,0,0,0,0,-0.6327053285625163,-0.7743926440821854,0,1,cash-m/deleted_items/87.
9,0,0,0,0,-0.5336145159156115,-0.8457278217039733,0,1,cash-m/deleted_items/91.
1,1,0,0,0,0.9205048534524404,0.3907311284892737,0,0,cash-m/inbox/124.
2,1,0,0,0,-0.2798290140309925,-0.9600498543859286,0,1,cash-m/inbox/222.
1,1,0,0,0,0.5913096483635822,-0.8064446042674827,0,1,cash-m/sent_items/151.
5,1,0,0,0,-0.19080899537654472,-0.981627183447664,0,1,cash-m/sent_items/6.
11,0,0,0,0,0.9304175679820246,-0.3665012267242972,0,0,causholli-m/deleted_items/138.
2,1,0,0,0,-0.3048642990280105,-0.9523957996432785,0,1,causholli-m/inbox/122.
1,0,0,0,0,0.12186934340514755,-0.992546151641322,0,1,causholli-m/inbox/14.
1,1,0,0,0,-0.6293203910498373,-0.7771459614569711,0,1,causholli-m/inbox/175.
1,0,0,0,0,0.12186934340514755,-0.992546151641322,0,1,causholli-m/inbox/66.
1,1,0,0,0,0.963630453208623,-0.26723837607825685,0,0,causholli-m/sent_items/178.
0,0,0,0,0,-0.9908658973868822,-0.13485093027372277,1,0,corman-s/calendar/64.
3,0,0,0,0,0.9949685182509117,0.10018806161207632,0,0,corman-s/inbox/archives/85.
2,1,0,0,0,-0.10886687485196432,-0.9940563382223196,0,1,crandell-s/inbox/21.
1,1,0,0,0,-0.9537169507482268,0.30070579950427345,0,0,crandell-s/inbox/24.
1,0,0,0,0,0.8141155183563192,-0.5807029557109398,0,1,cuilla-m/10_fantasy/24.
1,0,0,0,0,-0.9351352096860117,-0.3542910379977157,0,1,cuilla-m/personal/2.
1,0,0,0,0,0.9869963665602319,0.1607425656038261,0,0,dasovich-j/all_documents/10168.
1,1,0,0,0,0.5699967625963029,0.8216469379421637,0,0,dasovich-j/all_documents/10263.
1,0,0,0,0,-0.477158760259608,-0.8788171126619656,0,1,dasovich-j/all_documents/10681.
1,1,0,0,0,0.31730465640509214,0.9483236552061993,0,0,dasovich-j/all_documents/10786.
8,0,0,0,0,-0.8660254037844385,-0.5000000000000004,0,1,dasovich-j/all_documents/11714.
8,0,0,0,0,-0.8808907382053857,-0.47331966718484314,0,1,dasovich-j/all_documents/11715.
1,0,0,0,0,0.9135454576426009,0.4067366430758002,1,0,dasovich-j/all_documents/11815.
1,1,0,0,0,-0.2376858923261727,-0.9713420698132615,0,1,dasovich-j/all_documents/12581.
5,0,0,0,0,0.9537169507482268,0.3007057995042733,0,0,dasovich-j/all_documents/12722.
0,0,0,0,0,0.4226182617406994,0.9063077870366499,0,0,dasovich-j/all_documents/12780.
4,0,0,0,0,0.9612616959383189,0.27563735581699916,0,0,dasovich-j/all_documents/12869.
20,0,0,0,0,0.8724960070727973,-0.4886212414969547,0,0,dasovich-j/all_documents/12994.
83,0,0,0,0,0.5983246005706591,0.8012538126910607,0,0,dasovich-j/all_documents/13405.
51,0,0,0,0,0.32969064526278724,0.9440890203927842,0,0,dasovich-j/all_documents/13408.
4,1,0,0,0,0.961261695938319,-0.27563735581699883,0,0,dasovich-j/all_documents/13474.
122,0,0,0,0,-0.7880107536067216,-0.6156614753256588,0,1,dasovich-j/all_documents/14.
1,1,0,0,0,0.2630312144579752,-0.9647873238288129,0,1,dasovich-j/all_documents/1498.
2,0,0,0,0,0.31730465640509214,-0.9483236552061993,0,1,dasovich-j/all_documents/180.
1,0,0,0,0,0.9983916705573488,0.05669278756337759,0,0,dasovich-j/all_documents/1956.
16,0,0,0,0,0.2714404498650746,-0.9624552364536472,0,1,dasovich-j/all_documents/218.
124,0,0,0,0,-0.2798290140309925,-0.9600498543859286,0,1,dasovich-j/all_documents/26.
2,1,0,0,0,0.9366721892483976,0.35020738125946765,0,0,dasovich-j/all_documents/27806.
1,1,0,0,0,0.37864861735243294,-0.9255405040175664,0,1,dasovich-j/all_documents/27958.
1,1,0,0,0,0.9733792584604485,-0.22920039092241393,0,0,dasovich-j/all_documents/28184.
1,0,0,0,0,0.9972501850994857,-0.074108490195399,0,0,dasovich-j/all_documents/2839.
4,0,0,0,0,0.9659258262890683,0.25881904510252074,0,0,dasovich-j/all_documents/2914.
15,1,0,0,0,0.9025852843498605,-0.43051109680829536,0,0,dasovich-j/all_documents/2921.
15,0,0,0,0,0.8457278217039732,-0.5336145159156115,0,1,dasovich-j/all_documents/29284.
38,0,0,0,0,0.8829475928589269,0.46947156278589086,0,0,dasovich-j/all_documents/3052.
41,0,0,0,0,-0.38671096163682106,-0.9222009716704516,0,1,dasovich-j/all_documents/311.
2,0,0,0,0,0.27563735581699916,0.9612616959383189,0,0,dasovich-j/all_documents/3709.
1,1,0,0,0,0.7071067811865476,-0.7071067811865475,0,1,dasovich-j/all_documents/4123.
6,1,0,0,0,0.45009844103743496,0.892978943411137,0,0,dasovich-j/all_documents/4147.
1,1,0,0,0,0.9824503977255097,0.1865240360087348,0,0,dasovich-j/all_documents/4232.
2,1,0,0,0,-0.8949343616020251,-0.44619781310980866,0,1,dasovich-j/all_documents/684.
5,0,0,0,0,0.8594064115014527,0.511293086077052,0,0,dasovich-j/all_documents/725.
2,1,0,0,0,0.9832549075639546,-0.18223552549214753,0,0,dasovich-j/all_documents/7823.
39,0,0,0,0,0.8890171414857364,0.45787391511695674,1,0,dasovich-j/all_documents/8204.
3,0,0,0,0,0.8503522249955628,-0.5262139236518696,0,1,dasovich-j/all_documents/906.
7,0,0,0,0,0.5842496656374343,0.8115739819650123,0,0,dasovich-j/all_documents/9111.
20,0,0,0,0,0.9659258262890683,-0.25881904510252063,0,0,dasovich-j/all_documents/9267.
8,0,0,0,0,0.9978589232386035,-0.06540312923014314,0,0,dasovich-j/all_documents/9469.
5,1,0,0,0,0.7716245833877199,0.6360782202777641,0,0,dasovich-j/all_documents/9963.
14,0,0,0,0,0.8767267557075076,-0.48098876891938785,0,0,dasovich-j/budget/9.
5,1,0,0,0,-0.691513055782269,-0.722363962059756,0,1,dasovich-j/deleted_items/1521.
96,1,0,0,0,0.8141155183563192,-0.5807029557109398,0,1,dasovich-j/deleted_items/1627.
3,0,0,0,0,-0.743144825477394,-0.6691306063588585,0,1,dasovich-j/deleted_items/1737.
10,0,0,0,0,-0.24192189559966792,-0.9702957262759965,0,1,dasovich-j/deleted_items/51.
1,1,0,0,0,-0.13052619222005168,0.9914448613738104,0,0,dasovich-j/deleted_items/547.
1,1,0,0,0,0.6360782202777638,-0.77162458338772,0,1,dasovich-j/deleted_items/58.
1,1,0,0,0,0.3420201433256689,-0.9396926207859083,0,1,dasovich-j/deleted_items/781.
5,1,0,0,0,-0.46174861323503413,-0.8870108331782216,0,1,dasovich-j/inbox/106.
1,0,0,0,0,0.5446390350150269,-0.8386705679454242,0,1,dasovich-j/inbox/1503.
1,1,0,0,0,0.5224985647159489,-0.8526401643540922,0,1,dasovich-j/inbox/1543.
1,0,0,0,0,-0.8141155183563193,-0.5807029557109396,0,1,dasovich-j/inbox/1679.
30,1,0,0,0,0.5187732581605218,-0.8549118706729464,0,1,dasovich-j/inbox/1767.
48,0,0,0,0,-0.6977904598416796,-0.7163019434246547,0,1,dasovich-j/inbox/441.
1,1,0,0,0,-0.9099612708765433,0.4146932426562389,0,0,dasovich-j/inbox/655.
8,0,0,0,0,-0.08715574274765794,-0.9961946980917455,0,1,dasovich-j/inbox/704.
1,0,0,0,0,-0.8703556959399003,0.4924235601034661,0,0,dasovich-j/inbox/906.
2,0,0,0,0,0.6788007455329417,-0.7343225094356856,0,1,dasovich-j/mba__macroeconomics/36.
59,0,0,0,0,0.7632324697825288,0.646123979642964,0,0,dasovich-j/notes_inbox/12412.
14,0,0,0,0,0.4962165036752082,0.8681988144891423,0,0,dasovich-j/notes_inbox/12663.
52,0,0,0,0,0.8290375725550417,-0.5591929034707467,0,1,dasovich-j/notes_inbox/1508.
2,0,0,0,0,0.9993908270190958,-0.03489949670250118,0,0,dasovich-j/notes_inbox/2613.
19,0,0,0,0,0.6259234721840592,-0.7798844830928817,0,1,dasovich-j/notes_inbox/3860.
4,0,0,0,0,0.984807753012208,0.17364817766693041,0,0,dasovich-j/notes_inbox/4467.
3,0,0,0,0,-0.04797812852134395,-0.9988483864849507,0,1,dasovich-j/notes_inbox/4962.
61,1,0,0,0,0.40673664307580015,0.9135454576426009,0,0,dasovich-j/notes_inbox/5324.
0,0,0,0,0,0.6626200482157377,-0.748955720789002,0,1,dasovich-j/notes_inbox/5814.
3,0,0,0,0,0.7688418320734596,-0.6394390019805847,1,0,dasovich-j/sent_items/2147.
1,1,0,0,0,0.3665012267242976,-0.9304175679820245,0,1,dasovich-j/sent_items/2317.
2,1,0,0,0,-0.3048642990280105,-0.9523957996432785,0,1,dasovich-j/sent_items/2397.
1,1,0,0,0,0.2503800040544418,-0.9681476403781076,0,1,dasovich-j/sent_items/28.
12,0,0,0,0,-0.9890158633619168,-0.14780941112961046,0,1,dasovich-j/sent_items/897.
3,1,0,0,0,0.6494480483301838,-0.7604059656000309,0,1,dasovich-j/sent/12076.
1,1,0,0,0,0.7604059656000309,-0.6494480483301835,0,1,dasovich-j/sent/1251.
1,1,0,0,0,0.29654157497557093,0.9550199444571866,0,0,dasovich-j/sent/4416.
1,1,0,0,0,0.414693242656239,0.9099612708765432,0,0,davis-d/_sent_mail/41.
57,0,0,0,0,0.4461978131098087,0.8949343616020251,0,0,davis-d/all_documents/180.
1,0,0,0,0,-0.32969064526278713,-0.9440890203927843,1,0,davis-d/deleted_items/10.
1,1,0,0,0,0.2923717047227367,0.9563047559630355,0,0,davis-d/sent/142.
2,1,0,0,0,0.5075383629607041,0.8616291604415258,0,0,dean-c/all_documents/63.
1,0,0,0,0,-0.10018806161207613,-0.9949685182509117,0,1,dean-c/deleted_items/335.
15,0,0,0,0,-0.6691306063588582,-0.7431448254773942,0,1,dean-c/inbox/238.
1,0,0,0,0,0.2798290140309927,-0.9600498543859285,0,1,dean-c/inbox/505.
1,1,0,0,0,0.3379167180033274,-0.9411760152563705,0,1,delainey-d/_sent_mail/176.
8,0,0,0,0,0.7826081568524139,0.6225146366376195,0,0,delainey-d/_sent_mail/45.
7,0,0,0,0,0.2714404498650746,-0.9624552364536472,0,1,delainey-d/all_documents/48.
6,0,0,0,0,0.13485093027372314,-0.9908658973868822,0,1,delainey-d/all_documents/848.
2,0,0,0,0,0.9099612708765433,-0.4146932426562388,0,0,delainey-d/sent/8.
0,0,0,0,0,-0.254601948205527,-0.9670459389139433,0,1,derrick-j/contacts/47.
3,0,0,0,0,0.9930684569549263,-0.11753739745783758,0,0,derrick-j/deleted_items/13.
1,0,0,0,0,-0.9025852843498606,-0.43051109680829514,0,1,derrick-j/sent_items/387.
1,1,0,0,0,-0.25038000405444155,-0.9681476403781077,0,1,derrick-j/sent_items/529.
3,0,0,0,0,-0.6494480483301835,-0.760405965600031,0,1,donoho-l/deleted_items/100.
7,0,0,0,0,0.7933533402912352,-0.6087614290087207,0,1,donoho-l/deleted_items/48.
1,1,0,0,0,0.8064446042674828,-0.5913096483635821,0,1,dorland-c/all_documents/347.
1,1,0,0,0,-0.32969064526278713,-0.9440890203927843,0,1,dorland-c/inbox/20.
1,0,0,0,0,-0.36650122672429736,-0.9304175679820245,0,1,dorland-c/sent_items/455.
1,1,0,0,0,0.4226182617406995,-0.9063077870366499,0,1,dorland-c/sent_items/75.
269,0,0,0,0,0.9890158633619168,0.14780941112961055,0,0,ermis-f/discussion_threads/252.
1,1,0,0,0,0.8265897491271886,0.5628049276950686,0,0,farmer-d/_sent_mail/539.
14,0,0,0,0,0.999533590836713,-0.030538513209822475,0,0,farmer-d/all_documents/1102.
4,0,0,0,0,0.8314696123025451,0.5555702330196024,0,0,farmer-d/all_documents/1426.
6,0,0,0,0,-0.9993908270190958,-0.03489949670250076,1,0,farmer-d/all_documents/1559.
1,0,0,0,0,0.9222009716704518,0.3867109616368206,0,0,farmer-d/all_documents/2043.
5,0,0,0,0,0.7660444431189783,-0.642787609686539,0,1,farmer-d/all_documents/2195.
7,0,0,0,0,0.08715574274765817,0.9961946980917455,0,0,farmer-d/all_documents/2941.
1,1,0,0,0,0.9063077870366498,0.4226182617406996,0,0,farmer-d/all_documents/3251.
8,0,0,0,0,0.49621650367520803,-0.8681988144891424,0,1,farmer-d/all_documents/675.
4,0,0,0,0,0.949699126201877,-0.3131638064837494,0,0,farmer-d/all_documents/707.
5,0,0,0,0,0.47331966718484336,0.8808907382053855,0,0,farmer-d/all_documents/822.
3,0,0,0,0,0.9983916705573488,0.05669278756337759,0,0,farmer-d/cleburne_plant____cornhusker_/224.
1,1,0,0,0,-0.7660444431189779,-0.6427876096865395,0,1,farmer-d/deleted_items/personal/5.
4,0,0,0,0,0.8929789434111371,-0.4500984410374348,0,0,farmer-d/discussion_threads/30.
2,0,0,0,0,0.958819734868193,0.28401534470392253,0,0,farmer-d/discussion_threads/95.
1,0,0,0,0,0.19936793441719725,-0.9799247046208296,0,1,farmer-d/industrials/64.
1,0,0,0,0,-0.20364175114017746,-0.9790454724845838,0,1,fossum-d/_sent_mail/1369.
3,1,0,0,0,0.7518398074789774,-0.6593458151000688,0,1,fossum-d/_sent_mail/295.
1,0,0,0,0,0.9205048534524404,-0.3907311284892736,0,0,fossum-d/_sent_mail/4.
1,0,0,0,0,0.5664062369248332,-0.8241261886220155,0,1,fossum-d/_sent_mail/833.
1,0,0,0,0,0.8191520442889917,0.5735764363510462,0,0,fossum-d/_sent_mail/894.
16,0,0,0,0,0.48480962024633695,0.8746197071393959,0,0,fossum-d/all_documents/705.
2,1,0,0,0,0.8870108331782218,-0.4617486132350338,0,0,fossum-d/all_documents/72.
2,0,0,0,0,0.766044443118978,0.6427876096865394,0,0,fossum-d/all_documents/968.
3,1,0,0,0,-0.6946583704589973,-0.7193398003386511,0,1,gang-l/deleted_items/361.
1,1,0,0,0,0.992546151641322,0.12186934340514771,0,0,gang-l/deleted_items/468.
1,0,0,0,0,-0.5519369853120577,-0.8338858220671684,0,1,gang-l/deleted_items/482.
4,0,0,0,0,0.8724960070727973,-0.4886212414969547,0,0,gang-l/deleted_items/8.
1,1,0,0,0,-0.199367934417197,-0.9799247046208297,0,1,gang-l/sent_items/84.
1,0,0,0,0,0.754709580222772,0.6560590289905073,0,0,gay-r/discussion_threads/11.
1,1,0,0,0,-0.48480962024633695,-0.8746197071393959,0,1,geaccone-t/inbox/276.
2,1,0,0,0,0.8410390129643925,-0.5409744713679938,0,1,geaccone-t/inbox/339.
1,1,0,0,0,0.9807852804032304,-0.1950903220161282,0,0,geaccone-t/sent_items/291.
28,0,0,0,0,0.09150161866340238,0.9958049275746618,0,0,germany-c/_sent_mail/1173.
3,1,0,0,0,0.8216469379421637,0.569996762596303,0,0,germany-c/_sent_mail/1202.
1,0,0,0,0,0.9411760152563706,0.3379167180033269,0,0,germany-c/_sent_mail/332.
3,0,0,0,0,0.9998476951563913,0.017452406437283376,0,0,germany-c/_sent_mail/386.
1,1,0,0,0,-0.056692787563377776,0.9983916705573488,0,0,germany-c/all_documents/1646.
1,0,0,0,0,0.7132504491541816,-0.7009092642998509,0,1,germany-c/all_documents/2119.
1,0,0,0,0,0.9958049275746618,-0.09150161866340217,0,0,germany-c/all_documents/2496.
4,0,0,0,0,-0.4226182617406993,-0.90630778703665,0,1,germany-c/all_documents/2564.
1,0,0,0,0,-0.19936793441719736,0.9799247046208296,0,0,germany-c/all_documents/2996.
2,0,0,0,0,0.961261695938319,-0.27563735581699883,0,0,germany-c/all_documents/3215.
17,0,0,0,0,0.6915130557822694,0.7223639620597556,0,0,germany-c/all_documents/929.
8,1,0,0,0,-0.5913096483635824,-0.8064446042674825,0,1,germany-c/bankrupt/transport/14.
1,1,0,0,0,0.6360782202777638,-0.77162458338772,0,1,germany-c/ces/281.
1,0,0,0,0,0.8968727415326884,0.44228869021900125,0,0,germany-c/ces/30.
2,0,0,0,0,0.8362861558477597,-0.5482932295199137,0,1,germany-c/ces/81.
3,0,0,0,0,0.7101853756232855,-0.7040147244559681,0,1,germany-c/discussion_threads/1484.
1,0,0,0,0,-0.36243803828370114,-0.9320078692827987,0,1,germany-c/discussion_threads/1835.
2,0,0,0,0,0.9799247046208296,0.1993679344171972,0,0,germany-c/discussion_threads/502.
4,0,0,0,0,0.8241261886220157,0.5664062369248328,1,0,germany-c/discussion_threads/659.
2,1,0,0,0,0.5948227867513413,-0.8038568606172173,0,1,germany-c/inbox/94.
2,1,0,0,0,0.5299192642332049,-0.848048096156426,0,1,germany-c/sent_items/11.
1,1,0,0,0,-0.11753739745783774,-0.9930684569549263,0,1,germany-c/sent_items/1347.
1,1,0,0,0,0.9992290362407229,0.03925981575906889,0,0,germany-c/sent_items/618.
1,0,0,0,0,0.816641555161679,-0.5771451900372335,0,1,germany-c/sent_items/673.
3,0,0,0,0,0.7933533402912352,-0.6087614290087207,0,1,germany-c/sent/1669.
6,0,0,0,0,0.9624552364536473,0.2714404498650743,0,0,germany-c/sent/1889.
1,1,0,0,0,0.646123979642964,0.7632324697825288,0,0,germany-c/sent/1931.
22,0,0,0,0,0.9153114791194472,-0.40274668985873713,0,0,germany-c/sent/710.
6,0,0,0,0,0.9713420698132614,-0.23768589232617318,0,0,germany-c/transport/97.
1,0,0,0,0,0.7547095802227721,-0.6560590289905072,0,1,gilbertsmith-d/ercot/puc/2.
3,1,0,0,0,0.904455145454368,-0.4265687399014584,0,0,gilbertsmith-d/ercot/transmission/2.
87,0,0,0,0,0.3826834323650899,-0.9238795325112867,0,1,gilbertsmith-d/fundamentals/2.
1,0,0,0,0,0.6494480483301837,0.7604059656000309,0,0,giron-d/_sent_mail/364.
12,0,0,0,0,0.9469301294951056,0.3214394653031617,0,0,giron-d/all_documents/68.
17,0,0,0,0,0.8216469379421637,-0.569996762596303,0,1,giron-d/deleted_items/111.
1,1,0,0,0,0.5446390350150269,-0.8386705679454242,0,1,giron-d/deleted_items/224.
0,0,0,0,0,0.9781476007338056,0.20791169081775945,0,0,giron-d/deleted_items/385.
1,1,0,0,0,0.7716245833877199,0.6360782202777641,0,0,giron-d/discussion_threads/625.
1,0,0,0,0,0.9896513868196702,-0.14349262199117915,0,0,giron-d/inbox/172.
1,1,0,0,0,0.7223639620597556,-0.6915130557822693,0,1,giron-d/inbox/260.
1,0,0,0,0,0.6788007455329417,-0.7343225094356856,0,1,giron-d/sent/71.
0,0,0,0,0,0.8115739819650124,-0.5842496656374342,0,1,griffith-j/all_documents/288.
2,0,0,0,0,0.949699126201877,-0.3131638064837494,0,0,griffith-j/all_documents/341.
0,0,0,0,0,-0.37055743750983605,-0.9288095528719243,0,1,griffith-j/deleted_items/219.
2,0,0,0,0,0.9972501850994857,-0.074108490195399,0,0,griffith-j/deleted_items/337.
1,1,0,0,0,0.9692309097067544,-0.24615329302899283,0,0,griffith-j/deleted_items/698.
5,0,0,0,0,0.7009092642998509,0.7132504491541816,0,0,griffith-j/mesa/4.
1,0,0,0,0,0.09584575252022391,-0.9953961983671789,1,0,grigsby-m/_sent_mail/177.
62,0,0,0,0,0.8115739819650124,-0.5842496656374342,1,0,grigsby-m/all_documents/29.
1,1,0,0,0,0.9993908270190958,0.03489949670250086,0,0,guzman-m/_sent_mail/176.
1,1,0,0,0,0.01745240643728351,0.9998476951563913,0,0,guzman-m/_sent_mail/200.
1,1,0,0,0,0.8987940462991671,-0.4383711467890771,0,0,guzman-m/_sent_mail/76.
1,0,0,0,0,0.16504760586067765,-0.9862856015372314,0,1,guzman-m/all_documents/1140.
14,0,0,0,0,0.9381913359224842,0.346117057077493,1,0,guzman-m/all_documents/1165.
1,0,0,0,0,0.4771587602596086,-0.8788171126619653,0,1,guzman-m/all_documents/1648.
1,0,0,0,0,0.9876883405951378,0.15643446504023092,0,0,guzman-m/all_documents/1816.
13,0,0,0,0,0.9840406976462909,-0.1779435454738419,1,0,guzman-m/all_documents/470.
124,0,0,0,0,0.5075383629607041,0.8616291604415258,0,0,guzman-m/discussion_threads/764.
11,0,0,0,0,0.004363309284746571,0.9999904807207345,0,0,guzman-m/notes_inbox/1658.
1,0,0,0,0,-0.9510565162951535,-0.30901699437494756,0,1,guzman-m/notes_inbox/712.
1,1,0,0,0,0.6190939493098339,0.7853169308807451,0,0,haedicke-m/all_documents/313.
0,0,0,0,0,0.8433914458128856,0.5372996083468239,0,0,haedicke-m/all_documents/4801.
3,0,0,0,0,0.7402181274868322,-0.6723668074346679,0,1,haedicke-m/all_documents/4910.
20,0,0,0,0,0.511293086077052,0.8594064115014527,0,0,haedicke-m/all_documents/613.
4,0,0,0,0,-0.984807753012208,0.17364817766693083,0,0,haedicke-m/inbox/190.
19,1,0,0,0,0.999914327574007,-0.013089595571344452,0,0,haedicke-m/inbox/221.
1,0,0,0,0,-0.6494480483301835,-0.760405965600031,0,1,haedicke-m/inbox/52.
1,0,0,0,0,0.2923717047227366,-0.9563047559630355,0,1,haedicke-m/notes_inbox/1391.
2,0,0,0,0,0.7040147244559682,-0.7101853756232854,0,1,haedicke-m/sent/965.
5,1,0,0,0,0.949699126201877,0.31316380648374953,0,0,hain-m/_sent_mail/153.
1,0,0,0,0,0.9222009716704519,-0.3867109616368205,0,0,hain-m/all_documents/102.
1,0,0,0,0,0.31316380648374953,0.949699126201877,0,0,hain-m/all_documents/1305.
1,0,0,0,0,0.30486429902801077,0.9523957996432784,0,0,hain-m/all_documents/140.
76,0,0,0,0,0.5807029557109398,0.8141155183563192,0,0,hain-m/all_documents/346.
1,0,0,0,0,0.9990482215818578,0.04361938736533601,0,0,hain-m/all_documents/5.
1,1,0,0,0,0.9335804264972017,0.3583679495453004,0,0,hain-m/all_documents/525.
6,1,0,0,0,0.4656145203251114,0.8849876374630419,0,0,hain-m/all_documents/798.
1,0,0,0,0,0.8949343616020251,0.4461978131098087,0,0,hain-m/discussion_threads/129.
1,1,0,0,0,0.06540312923014312,-0.9978589232386035,0,1,hayslett-r/deleted_items/166.
2,1,0,0,0,-0.7826081568524138,-0.6225146366376196,0,1,hayslett-r/deleted_items/43.
3,0,0,0,0,0.8526401643540923,-0.5224985647159488,0,1,hayslett-r/inbox/56.
6,0,0,0,0,0.9288095528719242,-0.3705574375098363,0,0,hayslett-r/inbox/91.
4,0,0,0,0,-0.9396926207859084,-0.34202014332566855,0,1,hayslett-r/projects/northern_border/1.
1,1,0,0,0,0.5913096483635822,-0.8064446042674827,0,1,hayslett-r/sent_items/394.
1,0,0,0,0,0.5224985647159489,-0.8526401643540922,0,1,hendrickson-s/all_documents/182.
1,0,0,0,0,-0.9997620270799091,-0.021814885034560836,0,1,hendrickson-s/sent_items/31.
2,1,0,0,0,0.9799247046208296,-0.19936793441719705,0,0,hernandez-j/_sent_mail/198.
10,1,0,0,0,0.5591929034707468,0.8290375725550417,0,0,hernandez-j/all_documents/329.
1,1,0,0,0,0.49242356010346716,0.8703556959398997,0,0,hernandez-j/all_documents/565.
0,0,0,0,0,-0.9469301294951057,0.3214394653031615,0,0,hernandez-j/deleted_items/3.
6,1,0,0,0,0.11753739745783764,0.9930684569549263,0,0,hernandez-j/discussion_threads/508.
176,0,0,0,0,0.8141155183563192,-0.5807029557109398,0,1,hernandez-j/inbox/172.
88,0,0,0,0,-0.9381913359224842,0.346117057077493,0,0,hernandez-j/inbox/205.
1,0,0,0,0,-0.4344452574044169,0.900698239322588,0,0,hernandez-j/notes_inbox/170.
4,1,0,0,0,0.8571673007021124,-0.5150380749100538,0,1,hodge-j/deleted_items/230.
1,0,0,0,0,-0.9222009716704517,-0.38671096163682095,0,1,hodge-j/deleted_items/49.
1,1,0,0,0,0.7040147244559682,-0.7101853756232854,0,1,hodge-j/sent_items/18.
1,0,0,0,0,0.2249510543438652,-0.9743700647852351,0,1,hodge-j/sent_items/19.
12,0,0,0,0,0.7604059656000309,-0.6494480483301835,0,1,horton-s/_sent_mail/53.
2,1,0,0,0,0.7960020025346222,-0.6052939880428942,0,1,horton-s/all_documents/242.
1,1,0,0,0,0.4771587602596084,0.8788171126619654,0,0,horton-s/all_documents/461.
3,1,0,0,0,-0.9063077870366497,-0.42261826174069994,0,1,horton-s/deleted_items/63.
1,1,0,0,0,0.09584575252022397,0.9953961983671789,0,0,horton-s/sent/101.
1,1,0,0,0,-0.026176948307873177,-0.9996573249755573,0,1,hyatt-k/deleted_items/142.
1,0,0,0,0,0.9940563382223196,0.10886687485196474,0,0,hyatt-k/personal/33.
1,1,0,0,0,0.7986355100472927,-0.6018150231520484,0,1,hyatt-k/sent_items/215.
2,0,0,0,0,0.24192189559966817,-0.9702957262759964,0,1,hyatt-k/sent_items/272.
16,1,0,0,0,0.9978589232386035,0.06540312923014327,0,0,hyatt-k/sent_items/79.
5,0,0,0,0,0.6691306063588582,0.7431448254773942,0,0,hyvl-d/sent/285.
1,0,0,0,0,0.48098876891938763,0.8767267557075077,0,0,hyvl-d/sent/34.
4,0,0,0,0,0.7283709698824006,-0.6851829903263589,0,1,jones-t/all_documents/11006.
3,0,0,0,0,0.9238795325112867,0.38268343236508984,0,0,jones-t/all_documents/11203.
4,0,0,0,0,0.8949343616020251,0.4461978131098087,0,0,jones-t/all_documents/1271.
1,0,0,0,0,0.9832549075639545,0.18223552549214767,0,0,jones-t/all_documents/1471.
1,0,0,0,0,0.1434926219911798,-0.9896513868196701,0,1,jones-t/all_documents/2235.
1,1,0,0,0,0.9972501850994857,-0.074108490195399,0,0,jones-t/all_documents/2379.
16,0,0,0,0,0.9981347984218669,0.06104853953485691,0,0,jones-t/all_documents/3087.
1,1,0,0,0,0.8090169943749475,-0.587785252292473,0,1,jones-t/all_documents/3577.
1,1,0,0,0,0.3338068592337709,0.9426414910921784,0,0,jones-t/all_documents/3928.
1,1,0,0,0,0.30486429902801077,-0.9523957996432784,0,1,jones-t/all_documents/3942.
5,0,0,0,0,0.16074256560382638,-0.9869963665602318,0,1,jones-t/all_documents/4127.
14,1,0,0,0,0.8571673007021123,0.5150380749100542,0,0,jones-t/all_documents/5437.
2,0,0,0,0,0.8638355052043956,-0.5037739770455266,0,1,jones-t/all_documents/5548.
2,0,0,0,0,0.337916718003327,0.9411760152563706,0,0,jones-t/all_documents/5559.
1,0,0,0,0,-0.9659258262890683,-0.25881904510252063,0,1,jones-t/all_documents/5747.
438,0,0,0,0,0.949699126201877,-0.3131638064837494,0,0,jones-t/all_documents/9599.
1,0,0,0,0,0.8290375725550417,-0.5591929034707467,1,0,jones-t/all_documents/98.
4,0,0,0,0,0.9366721892483977,-0.3502073812594673,0,0,jones-t/all_documents/9843.
1,0,0,0,0,0.8362861558477594,0.5482932295199139,0,0,jones-t/all_documents/9874.
1,1,0,0,0,0.23344536385590553,-0.9723699203976766,0,1,jones-t/notes_inbox/204.
1,1,0,0,0,0.7743926440821856,0.6327053285625162,0,0,jones-t/notes_inbox/4240.
3,0,0,0,0,0.9659258262890683,-0.25881904510252063,0,0,jones-t/notes_inbox/429.
1,0,0,0,0,-0.6626200482157372,-0.7489557207890024,0,1,jones-t/notes_inbox/4595.
6,0,0,0,0,0.7604059656000309,0.6494480483301837,0,0,jones-t/notes_inbox/5178.
3,0,0,0,0,0.999914327574007,-0.013089595571344452,0,0,jones-t/notes_inbox/815.
2,1,0,0,0,0.9081431738250813,-0.41865973753742824,0,0,jones-t/online_trading/112.
2,1,0,0,0,-0.36243803828370114,-0.9320078692827987,0,1,jones-t/online_trading/236.
12,0,0,0,0,0.8968727415326884,-0.44228869021900113,0,0,jones-t/online_trading/275.
1,1,0,0,0,0.6977904598416801,0.7163019434246543,0,0,jones-t/sent/169.
3,1,0,0,0,0.8012538126910606,0.5983246005706592,0,0,kaminski-v/_sent_mail/1973.
1,1,0,0,0,0.9411760152563707,-0.3379167180033268,0,0,kaminski-v/_sent_mail/4750.
1,0,0,0,0,0.8090169943749475,-0.587785252292473,0,1,kaminski-v/_sent_mail/5.
1,0,0,0,0,0.5336145159156117,-0.8457278217039732,0,1,kaminski-v/_sent_mail/659.
1,0,0,0,0,-0.03925981575906819,0.9992290362407229,1,0,kaminski-v/all_documents/10299.
2,0,0,0,0,-0.8910065241883678,-0.4539904997395469,0,1,kaminski-v/all_documents/1039.
2,0,0,0,0,0.5842496656374343,0.8115739819650123,0,0,kaminski-v/all_documents/10713.
1,1,0,0,0,0.8115739819650124,-0.5842496656374342,0,1,kaminski-v/all_documents/11198.
54,0,0,0,0,0.8681988144891423,0.49621650367520814,0,0,kaminski-v/all_documents/1261.
3,0,0,0,0,0.9624552364536473,0.2714404498650743,0,0,kaminski-v/all_documents/2690.
2,0,0,0,0,0.258819045102521,-0.9659258262890682,0,1,kaminski-v/all_documents/282.
1,0,0,0,0,0.9978589232386035,-0.06540312923014314,0,0,kaminski-v/all_documents/2823.
1,1,0,0,0,-0.6156614753256582,-0.788010753606722,0,1,kaminski-v/all_documents/3741.
6,1,0,0,0,0.9659258262890683,0.25881904510252074,0,0,kaminski-v/all_documents/3818.
1,0,0,0,0,0.6394390019805847,0.7688418320734596,0,0,kaminski-v/all_documents/4021.
1,1,0,0,0,0.021814885034561218,-0.9997620270799091,1,0,kaminski-v/all_documents/4035.
2,1,0,0,0,0.6723668074346679,0.7402181274868322,0,0,kaminski-v/all_documents/4563.
1,0,0,0,0,0.8241261886220155,-0.566406236924833,0,1,kaminski-v/all_documents/4633.
2,0,0,0,0,0.34611705707749296,0.9381913359224842,0,0,kaminski-v/all_documents/4689.
2,1,0,0,0,0.8929789434111369,0.45009844103743507,0,0,kaminski-v/all_documents/5226.
1,0,0,0,0,0.3746065934159118,-0.9271838545667875,0,1,kaminski-v/all_documents/5731.
1,1,0,0,0,-0.9483236552061992,-0.31730465640509264,1,0,kaminski-v/all_documents/721.
2,0,0,0,0,0.5262139236518696,0.8503522249955628,0,0,kaminski-v/all_documents/9187.
1,1,0,0,0,0.8526401643540922,0.5224985647159489,0,0,kaminski-v/all_documents/9894.
2,0,0,0,0,0.9896513868196702,-0.14349262199117915,0,0,kaminski-v/australia/5.
10,1,0,0,0,0.8929789434111369,0.45009844103743507,0,0,kaminski-v/c/mangmt/group/management/681.
5,1,0,0,0,-0.12186934340514723,0.9925461516413221,0,0,kaminski-v/credit/78.
1,0,0,0,0,-0.984807753012208,0.17364817766693083,0,0,kaminski-v/deleted_items/2335.
0,0,0,0,0,0.9935718556765875,-0.11320321376790671,0,0,kaminski-v/deleted_items/2380.
1,0,1,0,0,0.013089595571344636,-0.999914327574007,0,1,kaminski-v/deleted_items/386.
1,0,0,0,0,0.5555702330196022,0.8314696123025452,0,0,kaminski-v/deleted_items/597.
3,0,0,0,0,-0.7132504491541813,-0.7009092642998511,0,1,kaminski-v/deleted_items/628.
1,0,0,0,0,0.9469301294951056,0.3214394653031617,1,0,kaminski-v/deleted_items/899.
1,1,0,0,0,0.224951054343865,0.9743700647852352,0,0,kaminski-v/deleted_items/920.
1,1,0,0,0,-0.6225146366376196,0.7826081568524138,1,0,kaminski-v/deleted_items/989.
6,0,0,0,0,0.7960020025346222,-0.6052939880428942,0,1,kaminski-v/eci/eci/100.
2,0,0,0,0,-0.7071067811865477,0.7071067811865474,0,0,kaminski-v/inbox/190.
4,1,0,0,0,0.6427876096865391,-0.7660444431189782,0,1,kaminski-v/inbox/80.
1,1,0,0,0,0.6225146366376195,0.7826081568524139,0,0,kaminski-v/personal/171.
2,1,0,0,0,0.9958049275746618,-0.09150161866340217,0,0,kaminski-v/sent_items/2537.
1,1,0,0,0,0.9537169507482269,-0.30070579950427295,0,0,kaminski-v/sent_items/2640.
1,1,0,0,0,0.9523957996432784,-0.30486429902801077,0,0,kaminski-v/sent_items/2641.
1,1,0,0,0,0.06104853953485675,-0.998134798421867,0,1,kaminski-v/sent_items/781.
1,1,0,0,0,-0.6593458151000688,-0.7518398074789774,0,1,kaminski-v/sent_items/782.
2,1,0,0,0,0.999533590836713,-0.030538513209822475,0,0,kaminski-v/sent_items/949.
1,1,0,0,0,-0.8314696123025452,-0.5555702330196022,0,1,kaminski-v/sent_items/976.
1,1,0,0,0,0.7283709698824006,-0.6851829903263589,0,1,kaminski-v/sent/4836.
2,1,0,0,0,0.17794354547384186,-0.9840406976462909,0,1,kaminski-v/sent/653.
2,1,0,0,0,0.25881904510252074,0.9659258262890683,0,0,kaminski-v/sent/896.
1,1,0,0,0,0.9999619230641713,-0.008726535498373997,0,0,kaminski-v/ut/18.
0,0,0,0,0,0.7743926440821856,0.6327053285625162,0,0,kean-s/all_documents/1652.
4,0,0,0,0,0.9713420698132614,-0.23768589232617318,0,0,kean-s/all_documents/2040.
2,0,0,0,0,0.32556815445715664,0.9455185755993168,0,0,kean-s/all_documents/2049.
18,1,0,0,0,0.5983246005706591,0.8012538126910607,0,0,kean-s/all_documents/2176.
2,0,0,0,0,0.9255405040175664,-0.37864861735243294,0,0,kean-s/all_documents/394.
2,0,0,0,0,0.9832549075639545,0.18223552549214767,0,0,kean-s/all_documents/436.
2,0,0,0,0,0.9986295347545738,0.052335956242943966,0,0,kean-s/all_documents/576.
1,0,0,0,0,0.5409744713679939,0.8410390129643924,0,0,kean-s/all_documents/5925.
3,0,0,0,0,0.45009844103743496,0.892978943411137,0,0,kean-s/all_documents/6108.
10,0,0,0,0,0.9940563382223196,0.10886687485196474,1,0,kean-s/all_documents/8956.
1,1,0,0,0,-0.8660254037844385,-0.5000000000000004,0,1,kean-s/archiving/untitled/1788.
0,0,0,0,0,0.224951054343865,0.9743700647852352,0,0,kean-s/archiving/untitled/4712.
94,0,0,0,0,-0.6122172800344494,-0.7906895737438433,0,1,kean-s/archiving/untitled/6337.
2,0,0,0,0,0.9117620435770886,0.4107188526134772,0,0,kean-s/archiving/untitled/8994.
2,0,0,0,0,0.5187732581605214,0.8549118706729466,0,0,kean-s/archiving/untitled/939.
7,0,0,0,0,0.8910065241883678,0.4539904997395468,0,0,kean-s/attachments/1532.
38,0,0,0,0,0.7223639620597556,-0.6915130557822693,0,1,kean-s/attachments/592.
119,0,0,0,0,0.6977904598416801,0.7163019434246543,0,0,kean-s/calendar/untitled/8321.
1,0,0,0,0,0.8767267557075076,-0.48098876891938785,0,0,kean-s/calendar/untitled/978.
19,0,0,0,0,0.540974471367994,-0.8410390129643924,0,1,kean-s/california/103.
8,0,0,0,0,-0.199367934417197,-0.9799247046208297,0,1,kean-s/caliornia___investigations/30.
196,0,0,0,0,0.5877852522924732,-0.8090169943749473,0,1,kean-s/deleted_items/203.
0,0,0,0,0,0.16504760586067765,-0.9862856015372314,0,1,kean-s/deleted_items/265.
1,0,0,0,0,0.46174861323503397,0.8870108331782217,0,0,kean-s/discussion_threads/1659.
18,0,0,0,0,0.5771451900372336,0.8166415551616789,0,0,kean-s/discussion_threads/1720.
6,0,0,0,0,0.8362861558477594,0.5482932295199139,0,0,kean-s/discussion_threads/3136.
11,0,0,0,0,0.08715574274765817,0.9961946980917455,0,0,kean-s/heat_wave/30.
1,0,0,0,0,0.9681476403781077,0.2503800040544415,0,0,kean-s/mckinsey_project/59.
1,0,0,0,0,0.9702957262759965,-0.24192189559966779,0,0,kean-s/new_york/16.
1,0,0,0,0,-0.3907311284892739,0.9205048534524403,1,0,kean-s/notes_inbox/13.
11,0,0,0,0,0.7040147244559682,-0.7101853756232854,0,1,kean-s/ofccp_audit/3.
1,1,0,0,0,-0.3048642990280105,-0.9523957996432785,0,1,kean-s/rto/154.
7,0,0,0,0,0.08280820751220419,-0.9965655024977614,0,1,kean-s/sec/3.
1,1,0,0,0,0.9986295347545738,-0.05233595624294384,0,0,kean-s/sent_items/166.
1,1,0,0,0,0.32969064526278735,-0.9440890203927842,1,0,kean-s/sent_items/229.
1,0,0,0,0,0.9537169507482268,0.3007057995042733,0,0,kean-s/sent/1289.
1,0,0,0,0,0.9396926207859084,-0.3420201433256685,0,0,keavey-p/_sent_mail/16.
1,0,0,0,0,-0.7343225094356853,-0.678800745532942,1,0,keavey-p/deleted_items/280.
1,0,0,0,0,-0.9961946980917455,-0.08715574274765825,0,1,keavey-p/discussion_threads/380.
1,0,0,0,0,-0.41469324265623897,-0.9099612708765432,0,1,keavey-p/inbox/234.
3,0,0,0,0,0.9998476951563913,0.017452406437283376,0,0,keiser-k/calendar/30.
1,0,0,0,0,0.5299192642332049,0.848048096156426,0,0,king-j/deleted_items/160.
2,0,0,0,0,-0.9025852843498607,0.4305110968082948,0,0,kitchen-l/_americas/east_power/175.
1,0,0,0,0,-0.9692309097067544,-0.24615329302899286,0,1,kitchen-l/_americas/east_power/245.
4,1,0,0,0,-0.9953961983671787,-0.09584575252022441,0,1,kitchen-l/_americas/esvl/106.
2,0,0,0,0,-0.20791169081775907,-0.9781476007338057,0,1,kitchen-l/_americas/esvl/37.
97,0,0,0,0,0.49621650367520803,-0.8681988144891424,0,1,kitchen-l/_americas/esvl/430.
2,1,0,0,0,0.8703556959398997,-0.492423560103467,0,0,kitchen-l/_americas/esvl/48.
1,0,0,0,0,-0.992004949679715,-0.12619896913583006,0,1,kitchen-l/_americas/esvl/642.
104,0,0,0,0,-0.48862124149695463,-0.8724960070727973,0,1,kitchen-l/_americas/hr/197.
2,1,0,0,0,-0.477158760259608,-0.8788171126619656,0,1,kitchen-l/_americas/mrha/ooc/263.
2,1,0,0,0,-0.12619896913582931,-0.9920049496797151,0,1,kitchen-l/_americas/netco_credit/1.
1,1,0,0,0,-0.9999619230641713,-0.008726535498374464,1,0,kitchen-l/_americas/netco_hr/14.
1,1,0,0,0,0.8362861558477597,-0.5482932295199137,0,1,kitchen-l/_americas/netco_hr/23.
1,1,0,0,0,-0.36243803828370114,-0.9320078692827987,0,1,kitchen-l/_americas/netco_it/4.
11,0,0,0,0,0.9940563382223196,-0.10886687485196461,0,0,kitchen-l/_americas/regulatory/204.
1,1,0,0,0,0.984807753012208,-0.1736481776669303,1,0,kitchen-l/deleted_items/71.
1,1,0,0,0,0.9990482215818578,0.04361938736533601,0,0,kitchen-l/sent_items/155.
4,1,0,0,0,-0.44619781310980877,-0.8949343616020251,0,1,kitchen-l/sent_items/418.
1,0,0,0,0,0.9575713608048145,-0.28819626813408905,0,0,kuykendall-t/_sent_mail/5.
1,1,0,0,0,0.9636304532086231,0.26723837607825673,0,0,kuykendall-t/_sent_mail/6.
1,0,0,0,0,0.7431448254773941,0.6691306063588582,0,0,kuykendall-t/_sent_mail/90.
1,0,0,0,0,0.8503522249955628,0.5262139236518696,0,0,kuykendall-t/deleted_items/153.
1,0,0,0,0,-0.6626200482157372,0.7489557207890024,0,0,kuykendall-t/deleted_items/83.
1,1,0,0,0,0.7489557207890022,0.6626200482157374,0,0,kuykendall-t/sent/99.
1,0,0,0,0,0.8338858220671684,-0.5519369853120578,0,1,lavorato-j/all_documents/1621.
1,1,0,0,0,0.6755902076156604,-0.737277336810124,0,1,lavorato-j/all_documents/177.
9,0,0,0,0,0.008726535498373959,-0.9999619230641713,0,1,lavorato-j/deleted_items/96.
2,1,0,0,0,-0.20791169081775907,-0.9781476007338057,0,1,lavorato-j/personal/78.
1,1,0,0,0,0.02617694830787315,0.9996573249755573,0,0,lavorato-j/sent/148.
1,1,0,0,0,0.05233595624294383,0.9986295347545738,0,0,lavorato-j/sent/150.
1,0,0,0,0,0.49242356010346716,0.8703556959398997,0,0,lay-k/_sent/156.
1,0,0,0,0,0.9862856015372313,0.16504760586067782,0,0,lay-k/all_documents/177.
8,0,0,0,0,-0.38671096163682106,-0.9222009716704516,0,1,lay-k/all_documents/182.
4,0,0,0,0,0.45009844103743496,0.892978943411137,0,0,lay-k/all_documents/199.
1,0,0,0,0,-0.8788171126619653,-0.4771587602596087,0,1,lay-k/all_documents/39.
38,0,0,0,0,0.7253743710122875,-0.6883545756937541,0,1,lay-k/all_documents/733.
0,0,0,0,0,-0.4226182617406993,-0.90630778703665,0,1,lay-k/calendar/8.
2,0,0,0,0,0.5664062369248332,-0.8241261886220155,0,1,lay-k/deleted_items/419.
21,0,0,0,0,0.7283709698824006,-0.6851829903263589,0,1,lay-k/discussion_threads/819.
0,1,0,0,0,-0.8571673007021121,-0.5150380749100544,0,1,lay-k/inbox/1031.
4,0,0,0,0,0.8314696123025451,-0.5555702330196023,0,1,lay-k/inbox/1469.
1,0,0,0,0,-0.938191335922484,-0.34611705707749335,0,1,lay-k/inbox/1694.
1,1,0,0,0,-0.5299192642332043,-0.8480480961564263,0,1,lay-k/inbox/1711.
1,0,0,0,0,0.05233595624294381,-0.9986295347545738,0,1,lay-k/inbox/1865.
1,0,0,0,0,0.2249510543438652,-0.9743700647852351,0,1,lay-k/inbox/35.
1,1,0,0,0,0.5771451900372336,-0.8166415551616789,0,1,lay-k/inbox/392.
1,1,0,0,0,-0.23344536385590528,-0.9723699203976767,0,1,lay-k/inbox/480.
3,1,0,0,0,-0.8265897491271885,-0.5628049276950688,0,1,lay-k/inbox/584.
1,1,0,0,0,-0.6122172800344494,-0.7906895737438433,0,1,lay-k/inbox/603.
2,0,0,0,0,-0.5771451900372334,-0.816641555161679,0,1,lay-k/inbox/621.
1,0,0,0,0,0.24615329302899278,-0.9692309097067544,0,1,lay-k/inbox/752.
1,0,0,0,0,-0.7402181274868326,0.6723668074346675,0,0,lay-k/inbox/768.
2,0,0,0,0,-0.8660254037844385,-0.5000000000000004,0,1,lay-k/inbox/816.
0,1,0,0,0,0.9993908270190958,-0.03489949670250118,0,0,lay-k/inbox/881.
1,1,0,0,0,0.3867109616368213,-0.9222009716704516,0,1,lay-k/inbox/972.
10,0,0,0,0,0.48098876891938763,-0.8767267557075077,0,1,lay-k/notes_inbox/424.
15,0,0,0,0,0.5842496656374344,-0.8115739819650123,0,1,lay-k/notes_inbox/428.
1,0,0,0,0,0.06540312923014306,0.9978589232386035,0,0,lenhart-m/all_documents/106.
1,0,0,0,0,0.7853169308807448,-0.6190939493098341,0,1,lenhart-m/all_documents/1469.
1,1,0,0,0,0.11753739745783764,0.9930684569549263,0,0,lenhart-m/all_documents/1506.
1,1,0,0,0,0.5807029557109399,-0.8141155183563191,0,1,lenhart-m/all_documents/1627.
16,1,0,0,0,0.8681988144891423,-0.49621650367520825,0,0,lenhart-m/all_documents/1857.
16,1,0,0,0,0.8968727415326884,0.44228869021900125,0,0,lenhart-m/all_documents/1863.
1,0,0,0,0,-0.06975647374412476,0.9975640502598243,0,0,lenhart-m/all_documents/2755.
1,1,0,0,0,0.4886212414969549,0.8724960070727972,0,0,lenhart-m/all_documents/2967.
7,1,0,0,0,0.9832549075639545,0.18223552549214767,0,0,lenhart-m/all_documents/3019.
1,1,0,0,0,0.9381913359224842,-0.3461170570774929,0,0,lenhart-m/all_documents/414.
1,1,0,0,0,0.6915130557822694,0.7223639620597556,0,0,lenhart-m/all_documents/813.
1,1,0,0,0,0.754709580222772,0.6560590289905073,0,0,lenhart-m/all_documents/98.
9,0,0,0,0,0.6658816660008343,-0.7460573750616994,0,1,lenhart-m/deleted_items/271.
1,1,0,0,0,0.7071067811865476,-0.7071067811865475,0,1,lenhart-m/sent_items/841.
1,0,0,0,0,0.9396926207859084,0.3420201433256686,0,0,lenhart-m/sent/1927.
1,1,0,0,0,0.49999999999999994,0.8660254037844387,0,0,lenhart-m/sent/29.
0,0,0,0,0,0.8968727415326884,0.44228869021900125,0,0,lewis-a/all_documents/184.
1,0,0,0,0,-0.9659258262890683,-0.25881904510252063,0,1,lewis-a/deleted_items/1050.
1,0,0,0,0,-0.9925461516413221,-0.12186934340514717,0,1,lewis-a/deleted_items/1341.
1,0,1,0,0,-0.36650122672429725,0.9304175679820246,0,0,lewis-a/deleted_items/65.
1,0,0,0,0,-0.5262139236518696,-0.8503522249955628,0,1,lewis-a/sent_items/27.
1,0,0,0,0,0.949699126201877,0.31316380648374953,0,0,linder-e/discussion_threads/702.
4,0,0,0,0,0.7193398003386512,0.6946583704589971,0,0,lokay-m/all_documents/1945.
1,0,0,0,0,0.9930684569549263,-0.11753739745783758,0,0,lokay-m/all_documents/1971.
1,0,0,0,0,0.9992290362407229,0.03925981575906889,0,0,lokay-m/all_documents/377.
1,0,0,0,0,0.8241261886220157,0.5664062369248328,0,0,lokay-m/all_documents/402.
0,0,0,0,0,0.6691306063588582,0.7431448254773942,0,0,lokay-m/all_documents/520.
8,0,0,0,0,0.9961946980917455,0.08715574274765814,0,0,lokay-m/all_documents/845.
9,0,0,0,0,0.5555702330196022,0.8314696123025452,0,0,lokay-m/articles/277.
1,0,0,0,0,0.31730465640509214,-0.9483236552061993,0,1,lokay-m/corporate/2.
0,0,0,0,0,-0.41865973753742813,-0.9081431738250813,0,1,lokay-m/corporate/613.
1,0,0,0,0,-0.6527597524627221,-0.7575649843840498,0,1,lokay-m/corporate/651.
1,1,0,0,0,0.6977904598416801,0.7163019434246543,0,0,lokay-m/discussion_threads/200.
3,0,0,0,0,0.22069743502150113,-0.9753423205085127,0,1,lokay-m/discussion_threads/79.
1,0,0,0,0,-0.8929789434111368,-0.4500984410374354,0,1,lokay-m/personal/3.
1,0,0,0,0,0.4226182617406994,0.9063077870366499,0,0,lokay-m/personal/86.
1,0,0,0,0,0.9949685182509117,-0.1001880616120762,0,0,lokay-m/sent_items/144.
1,0,0,0,0,-0.1779435454738416,-0.9840406976462909,0,1,lokey-t/deleted_items/155.
14,0,0,0,0,0.8012538126910609,-0.5983246005706587,0,1,lokey-t/inbox/21.
30,0,0,0,0,0.5299192642332049,-0.848048096156426,0,1,lokey-t/inbox/931.
1,1,0,0,0,0.8829475928589269,-0.4694715627858909,0,0,love-p/_sent_mail/394.
1,1,0,0,0,0.9271838545667874,-0.37460659341591207,0,0,love-p/_sent_mail/417.
5,1,0,0,0,0.15643446504023087,0.9876883405951378,0,0,love-p/all_documents/155.
1,1,0,0,0,0.9006982393225879,-0.43444525740441703,0,0,love-p/all_documents/658.
1,0,0,0,0,0.6819983600624985,-0.7313537016191705,0,1,love-p/deleted_items/302.
1,0,0,0,0,0.09150161866340238,0.9958049275746618,0,0,love-p/discussion_threads/303.
13,0,0,0,0,0.636078220277764,0.7716245833877199,0,0,love-p/discussion_threads/47.
7,0,0,0,0,0.4027466898587373,-0.9153114791194471,0,1,love-p/sent_items/131.
2,1,0,0,0,0.8410390129643925,-0.5409744713679938,0,1,love-p/sent/102.
1,1,0,0,0,0.10452846326765346,0.9945218953682733,0,0,love-p/sent/11.
5,0,0,0,0,0.5983246005706591,0.8012538126910607,0,0,love-p/sent/650.
1,1,0,0,0,1.0,6.123233995736766e-17,0,0,maggi-m/deleted_items/1307.
1,0,0,0,0,0.9914448613738104,-0.1305261922200516,0,0,maggi-m/deleted_items/165.
1,1,0,0,0,-0.9563047559630354,0.2923717047227367,0,0,maggi-m/inbox/80.
1,1,0,0,0,0.3090169943749475,-0.9510565162951535,0,1,mann-k/_sent_mail/1966.
1,1,0,0,0,0.9883615104677607,-0.1521233861899167,0,0,mann-k/_sent_mail/2388.
1,1,0,0,0,0.1001880616120763,0.9949685182509117,0,0,mann-k/_sent_mail/2572.
1,0,0,0,0,0.9781476007338056,0.20791169081775945,0,0,mann-k/_sent_mail/3145.
2,1,0,0,0,0.30070579950427334,-0.9537169507482268,0,1,mann-k/_sent_mail/3372.
1,0,0,0,0,0.8870108331782217,0.46174861323503386,0,0,mann-k/_sent_mail/3549.
1,1,0,0,0,0.4344452574044171,0.9006982393225879,0,0,mann-k/all_documents/1807.
3,0,0,0,0,0.9988483864849507,0.04797812852134391,0,0,mann-k/all_documents/476.
7,0,0,0,0,0.996917333733128,0.07845909572784478,0,0,mann-k/all_documents/5093.
10,0,0,0,0,0.6755902076156604,-0.737277336810124,0,1,mann-k/all_documents/5501.
5,0,0,0,0,0.777145961456971,-0.6293203910498373,0,1,mann-k/all_documents/5677.
1,1,0,0,0,0.7283709698824002,0.6851829903263592,0,0,mann-k/discussion_threads/14.
1,0,0,0,0,-0.32143946530316186,0.9469301294951056,0,0,mann-k/discussion_threads/221.
2,1,0,0,0,0.636078220277764,0.7716245833877199,0,0,mann-k/discussion_threads/3415.
6,0,0,0,0,-0.5037739770455262,-0.8638355052043958,0,1,mann-k/discussion_threads/3603.
14,0,0,0,0,0.258819045102521,-0.9659258262890682,0,1,mann-k/discussion_threads/4253.
2,0,0,0,0,0.130526192220052,-0.9914448613738104,0,1,mann-k/enovate/77.
1,0,0,0,0,-0.36243803828370114,-0.9320078692827987,0,1,mann-k/general_stuff/36.
1,1,0,0,0,-0.8241261886220151,-0.5664062369248336,0,1,mann-k/sent_items/140.
1,1,0,0,0,0.6723668074346679,0.7402181274868322,0,0,mann-k/sent/1790.
1,1,0,0,0,0.9902680687415704,-0.13917310096006535,0,0,mann-k/sent/2966.
1,1,0,0,0,0.3987490689252462,0.917060074385124,0,0,mann-k/sent/4070.
1,0,0,0,0,0.636078220277764,0.7716245833877199,0,0,mann-k/sent/696.
1,1,0,0,0,0.12619896913582956,-0.992004949679715,0,1,martin-t/sent_items/44.
2,0,0,0,0,-0.961261695938319,-0.2756373558169989,0,1,may-l/inbox/21.
54,0,0,0,0,0.19509032201612816,-0.9807852804032304,0,1,may-l/inbox/609.
4,1,0,0,0,0.9271838545667874,-0.37460659341591207,0,0,may-l/inbox/935.
1,0,0,0,0,-0.6087614290087207,-0.7933533402912352,0,1,may-l/inbox/984.
0,0,0,0,0,0.7460573750616996,-0.6658816660008342,0,1,mccarty-d/calendar/51.
1,0,0,0,0,-0.2588190451025208,-0.9659258262890683,0,1,mccarty-d/deleted_items/305.
1,0,0,0,0,0.9945218953682733,0.10452846326765346,0,0,mccarty-d/sent_items/268.
1,1,0,0,0,0.984807753012208,0.17364817766693041,0,0,mcconnell-m/_sent_mail/44.
1,0,0,0,0,0.7343225094356854,0.6788007455329419,0,0,mcconnell-m/all_documents/157.
1,1,0,0,0,0.9187912101488984,-0.39474385638426707,0,0,mckay-b/all_documents/43.
14,1,0,0,0,0.6225146366376196,-0.7826081568524139,0,1,mckay-b/inbox/69.
1,0,0,0,0,0.8191520442889917,-0.5735764363510462,0,1,mckay-j/personal/39.
1,1,0,0,0,-0.5037739770455262,-0.8638355052043958,0,1,mckay-j/quotes/75.
1,1,0,0,0,0.9753423205085128,-0.22069743502150074,0,0,mclaughlin-e/_sent_mail/18.
7,1,0,0,0,0.7743926440821857,-0.632705328562516,0,1,mclaughlin-e/gossett/58.
1,0,0,0,0,-0.9222009716704517,-0.38671096163682095,0,1,mclaughlin-e/private_folders/corp_info_announcements/34.
63,0,0,0,0,0.9986295347545738,0.052335956242943966,0,0,merriss-s/notes_inbox/23.
1,1,0,0,0,0.8829475928589269,-0.4694715627858909,0,0,mims-thurston-p/_sent_mail/124.
1,0,0,0,0,0.9965655024977614,-0.08280820751220423,0,0,neal-s/all_documents/7.
2,0,0,0,0,-0.961261695938319,-0.2756373558169989,0,1,neal-s/deleted_items/27.
1,0,0,0,0,0.8638355052043956,-0.5037739770455266,0,1,neal-s/inbox/135.
1,1,0,0,0,0.6394390019805847,0.7688418320734596,0,0,nemec-g/all_documents/1047.
0,0,0,0,0,-0.8703556959399,-0.49242356010346644,0,1,nemec-g/all_documents/1105.
9,0,0,0,0,0.45009844103743496,0.892978943411137,0,0,nemec-g/all_documents/4383.
1,1,0,0,0,0.7688418320734596,0.6394390019805847,0,0,nemec-g/all_documents/5066.
1,0,0,0,0,0.9692309097067544,0.24615329302899316,0,0,nemec-g/all_documents/5566.
2,0,0,0,0,0.296541574975571,-0.9550199444571866,0,1,nemec-g/all_documents/6417.
3,0,0,0,0,0.9238795325112867,0.38268343236508984,0,0,nemec-g/all_documents/711.
3,1,0,0,0,-0.48862124149695463,-0.8724960070727973,0,1,nemec-g/deleted_items/63.
40,0,0,0,0,-0.754709580222772,-0.6560590289905073,0,1,nemec-g/inbox/1663.
2,0,0,0,0,0.6327053285625162,-0.7743926440821856,0,1,nemec-g/inbox/189.
1,0,0,0,0,-0.46174861323503413,-0.8870108331782216,0,1,nemec-g/inbox/789.
2,0,0,0,0,0.8724960070727971,0.48862124149695496,0,0,nemec-g/notes_inbox/409.
4,0,0,0,0,0.9288095528719242,-0.3705574375098363,0,0,nemec-g/sent/2030.
1,0,0,0,0,0.5187732581605218,-0.8549118706729464,0,1,nemec-g/sent/2260.
3,0,0,0,0,-0.6052939880428939,-0.7960020025346224,0,1,parks-j/deleted_items/1316.
1,0,0,0,0,0.9940563382223196,-0.10886687485196461,0,0,parks-j/deleted_items/43.
3,0,0,0,0,-0.6052939880428939,-0.7960020025346224,0,1,parks-j/deleted_items/530.
1,1,0,0,0,0.5037739770455267,-0.8638355052043954,0,1,parks-j/deleted_items/559.
1,0,0,0,0,-0.199367934417197,-0.9799247046208297,0,1,parks-j/deleted_items/863.
1,0,0,0,0,-0.5224985647159495,0.8526401643540918,0,0,parks-j/inbox/199.
16,0,0,0,0,0.8968727415326884,-0.44228869021900113,0,0,parks-j/inbox/273.
10,1,0,0,0,-0.6527597524627221,-0.7575649843840498,0,1,parks-j/inbox/276.
11,1,0,0,0,0.9575713608048145,-0.28819626813408905,0,0,parks-j/inbox/299.
1,0,0,0,0,-0.9961946980917455,-0.08715574274765825,0,1,parks-j/inbox/456.
1,1,0,0,0,0.9992290362407229,0.03925981575906889,0,0,pereira-s/all_documents/114.
1,0,0,0,0,-0.7604059656000312,-0.6494480483301834,0,1,perlingiere-d/deleted_items/110.
1,0,0,0,0,-0.8216469379421638,-0.5699967625963028,0,1,perlingiere-d/deleted_items/201.
1,1,0,0,0,0.8829475928589269,-0.4694715627858909,0,0,perlingiere-d/deleted_items/210.
0,0,0,0,0,0.540974471367994,-0.8410390129643924,0,1,perlingiere-d/deleted_items/240.
1,0,0,0,0,0.7933533402912352,-0.6087614290087207,0,1,perlingiere-d/deleted_items/65.
1,0,0,0,0,0.6494480483301838,-0.7604059656000309,0,1,perlingiere-d/deleted_items/8.
1,0,0,0,0,0.6527597524627227,-0.7575649843840494,0,1,perlingiere-d/deleted_items/92.
1,0,0,0,0,0.8038568606172174,-0.5948227867513411,0,1,pimenov-v/inbox/7.
1,0,0,0,0,0.6225146366376196,-0.7826081568524139,0,1,platter-p/deleted_items/10.
1,0,0,0,0,-0.9925461516413221,-0.12186934340514717,0,1,presto-k/deleted_items/1473.
1,1,0,0,0,-0.8910065241883678,-0.4539904997395469,0,1,presto-k/sent_items/347.
1,1,0,0,0,0.9958049275746618,0.0915016186634023,0,0,presto-k/sent_items/484.
2,0,0,0,0,0.9271838545667874,-0.37460659341591207,0,0,presto-k/sent_items/609.
2,1,0,0,0,-0.21643961393810293,-0.9762960071199334,0,1,presto-k/sent_items/770.
8,1,0,0,0,-0.996917333733128,-0.07845909572784557,0,1,presto-k/sent_items/884.
1,1,0,0,0,-0.37460659341591157,-0.9271838545667875,0,1,quigley-d/_exchange_info/68.
15,0,0,0,0,0.6883545756937542,-0.7253743710122874,0,1,quigley-d/private_folders/ffl/33.
1,1,0,0,0,0.9945218953682733,0.10452846326765346,0,0,quigley-d/sent_items/145.
1,0,0,0,0,-0.5299192642332043,-0.8480480961564263,0,1,quigley-d/sent_items/248.
1,1,0,0,0,0.9902680687415704,-0.13917310096006535,0,0,quigley-d/sent_items/257.
1,0,0,0,0,0.6691306063588583,-0.7431448254773941,0,1,quigley-d/sent_items/370.
13,0,0,0,0,0.9972501850994857,-0.074108490195399,0,0,reitmeyer-j/inbox/149.
39,1,0,0,0,-0.555570233019602,-0.8314696123025455,0,1,reitmeyer-j/inbox/170.
2,0,0,0,0,-0.29237170472273627,0.9563047559630357,0,0,richey-c/_sent_mail/54.
2,1,0,0,0,0.043619387365336,0.9990482215818578,0,0,richey-c/deleted_items/7.
1,0,0,0,0,0.9681476403781077,-0.2503800040544414,0,0,richey-c/inbox/21.
2,1,0,0,0,0.5699967625963032,-0.8216469379421636,0,1,richey-c/inbox/47.
2,1,0,0,0,-0.7101853756232854,-0.7040147244559684,0,1,richey-c/r/13.
1,1,0,0,0,-0.8038568606172171,-0.5948227867513417,0,1,richey-c/sent_items/78.
1,1,0,0,0,0.8870108331782218,-0.4617486132350338,0,0,ring-a/_sent_mail/78.
1,1,0,0,0,-0.5262139236518696,-0.8503522249955628,0,1,ring-a/sent_items/8.
1,0,0,0,0,0.09584575252022391,-0.9953961983671789,0,1,ring-r/deleted_items/126.
1,1,0,0,0,0.894934361602025,-0.4461978131098088,0,0,ring-r/deleted_items/265.
3,0,0,0,0,-0.7372773368101239,-0.6755902076156604,0,1,ring-r/deleted_items/39.
21,0,0,0,0,-0.8362861558477599,0.5482932295199132,0,0,ring-r/personalfolder/72.
1,1,0,0,0,0.998134798421867,-0.06104853953485678,0,0,rodrique-r/_sent_mail/117.
3,0,0,0,0,-0.47715876025960796,0.8788171126619656,0,0,rodrique-r/discussion_threads/187.
1,0,0,0,0,0.9099612708765433,-0.4146932426562388,0,0,rodrique-r/sent/273.
2,0,0,0,0,0.9537169507482268,0.3007057995042733,0,0,rogers-b/all_documents/1019.
2,0,0,0,0,0.7688418320734596,0.6394390019805847,0,0,rogers-b/all_documents/1617.
1,1,0,0,0,0.9781476007338056,0.20791169081775945,0,0,rogers-b/all_documents/1685.
2,0,0,0,0,0.0,1.0,0,0,rogers-b/all_documents/2033.
1,0,0,0,0,0.9381913359224842,0.346117057077493,0,0,rogers-b/all_documents/601.
4,0,0,0,0,0.7163019434246541,0.6977904598416802,0,0,rogers-b/all_documents/716.
2,0,0,0,0,0.40673664307580043,-0.9135454576426008,0,1,rogers-b/all_documents/725.
1,0,0,0,0,0.6018150231520483,0.7986355100472928,0,0,rogers-b/motley_fool_e_mails/166.
1,1,0,0,0,0.6626200482157377,-0.748955720789002,0,1,rogers-b/personal/129.
1,1,0,0,0,0.4146932426562392,-0.9099612708765431,0,1,rogers-b/texas_b_school/18.
1,0,0,0,0,-0.1564344650402303,-0.9876883405951378,0,1,ruscitti-k/_sent_mail/127.
1,1,0,0,0,0.2503800040544414,0.9681476403781077,0,0,ruscitti-k/_sent_mail/82.
17,0,0,0,0,0.9550199444571866,-0.29654157497557104,0,0,ruscitti-k/all_documents/162.
20,0,0,0,0,0.632705328562516,0.7743926440821856,0,0,ruscitti-k/all_documents/178.
12,0,0,0,0,0.36650122672429725,0.9304175679820246,0,0,ruscitti-k/all_documents/222.
1,0,0,0,0,0.9469301294951056,0.3214394653031617,0,0,ruscitti-k/all_documents/286.
21,1,0,0,0,0.9935718556765875,0.11320321376790683,0,0,ruscitti-k/deleted_items/49.
0,1,0,0,0,-0.984040697646291,0.1779435454738411,0,0,ruscitti-k/inbox/176.
1,1,0,0,0,-0.37460659341591157,-0.9271838545667875,0,1,ruscitti-k/sent_items/39.
1,1,0,0,0,0.23768589232617293,-0.9713420698132614,0,1,sager-e/all_documents/1247.
1,1,0,0,0,0.9187912101488984,-0.39474385638426707,0,0,sager-e/all_documents/268.
1,1,0,0,0,0.9025852843498605,0.43051109680829525,1,0,sager-e/all_documents/334.
1,1,0,0,0,-0.32969064526278713,-0.9440890203927843,0,1,sager-e/inbox/470.
1,1,0,0,0,-0.5735764363510458,-0.819152044288992,0,1,sager-e/inbox/486.
3,0,0,0,0,-0.22069743502150088,-0.9753423205085128,0,1,sager-e/inbox/495.
1,0,0,0,0,0.9997620270799091,0.021814885034560937,0,0,sager-e/inbox/532.
11,0,0,0,0,0.672366807434668,-0.7402181274868321,0,1,sager-e/notes_inbox/308.
1,1,0,0,0,0.26723837607825685,0.963630453208623,0,0,sager-e/sent/362.
2,0,0,0,0,0.17364817766693033,0.984807753012208,0,0,saibi-e/inbox/127.
1,0,0,0,0,-0.08715574274765794,-0.9961946980917455,0,1,saibi-e/inbox/150.
1,0,0,0,0,-0.9205048534524399,-0.39073112848927466,0,1,salisbury-h/inbox/298.
22,1,0,0,0,0.17364817766693028,-0.984807753012208,0,1,salisbury-h/inbox/342.
0,0,0,0,0,-0.7193398003386509,-0.6946583704589975,0,1,salisbury-h/inbox/990.
1,1,0,0,0,-0.4422886902190014,0.8968727415326883,0,0,salisbury-h/sent_items/125.
4,0,0,0,0,0.5075383629607044,-0.8616291604415256,0,1,salisbury-h/sent_items/20.
1,1,0,0,0,-0.6494480483301835,-0.760405965600031,0,1,sanchez-m/sent_items/22.
1,1,0,0,0,0.6052939880428945,0.796002002534622,0,0,sanders-r/all_documents/1036.
1,0,0,0,0,-0.8457278217039729,-0.533614515915612,0,1,sanders-r/all_documents/1465.
12,0,0,0,0,0.8241261886220155,-0.566406236924833,0,1,sanders-r/all_documents/1537.
1,0,0,0,0,0.9940563382223196,0.10886687485196474,0,0,sanders-r/all_documents/1853.
2,0,0,0,0,0.7343225094356857,-0.6788007455329415,0,1,sanders-r/all_documents/189.
1,1,0,0,0,-0.8660254037844385,-0.5000000000000004,0,1,sanders-r/all_documents/3590.
4,0,0,0,0,0.31316380648374953,0.949699126201877,0,0,sanders-r/all_documents/365.
1,0,0,0,0,0.8012538126910606,0.5983246005706592,0,0,sanders-r/all_documents/3708.
1,1,0,0,0,0.636078220277764,0.7716245833877199,0,0,sanders-r/all_documents/3786.
1,0,0,0,0,0.7688418320734596,0.6394390019805847,0,0,sanders-r/all_documents/5182.
1,0,0,0,0,0.963630453208623,-0.26723837607825685,0,0,sanders-r/all_documents/629.
0,0,0,0,0,0.6427876096865391,-0.7660444431189782,0,1,sanders-r/calendar/7.
1,0,0,0,0,-0.8616291604415258,-0.5075383629607041,0,1,sanders-r/deleted_items/121.
1,0,0,0,0,-0.2588190451025208,-0.9659258262890683,0,1,sanders-r/deleted_items/412.
1,0,0,0,0,-0.9366721892483976,-0.3502073812594676,0,1,sanders-r/deleted_items/nsm/12.
6,0,0,0,0,0.5409744713679939,0.8410390129643924,0,0,sanders-r/ecogas/15.
2,1,0,0,0,-0.9743700647852352,0.22495105434386492,0,0,sanders-r/misc/71.
8,0,0,0,0,0.5771451900372336,-0.8166415551616789,0,1,sanders-r/sempra/1.
1,1,0,0,0,-0.6461239796429636,-0.7632324697825291,0,1,sanders-r/senator_dunn_inv_/19.
2,1,0,0,0,-0.8141155183563196,0.5807029557109393,0,0,sanders-r/senator_dunn_inv_/49.
1,1,0,0,0,-0.9945218953682734,-0.10452846326765336,1,0,sanders-r/sent_items/269.
1,1,0,0,0,0.8746197071393959,-0.484809620246337,0,0,sanders-r/sent_items/89.
6,1,0,0,0,-0.5262139236518696,-0.8503522249955628,0,1,sanders-r/tenaska/23.
1,1,0,0,0,0.5771451900372336,-0.8166415551616789,0,1,scholtes-d/diana_scholtes/saved_sent/107.
1,1,0,0,0,0.6626200482157377,-0.748955720789002,0,1,scholtes-d/diana_scholtes/saved_sent/16.
3,1,0,0,0,0.8788171126619654,-0.47715876025960846,0,0,scholtes-d/diana_scholtes/saved_sent/5.
2,1,0,0,0,0.4617486132350339,-0.8870108331782217,0,1,schoolcraft-d/deleted_items/158.
2,0,0,0,0,0.7101853756232855,-0.7040147244559681,0,1,schoolcraft-d/inbox/junk/357.
15,0,0,0,0,0.8362861558477597,-0.5482932295199137,1,0,schoolcraft-d/inbox/junk/567.
1,1,0,0,0,0.2630312144579752,-0.9647873238288129,0,1,schoolcraft-d/sent_items/282.
1,0,0,0,0,0.8362861558477594,0.5482932295199139,0,0,schoolcraft-d/tw/20.
3,1,0,0,0,-0.19509032201612872,0.9807852804032303,0,0,schwieger-j/all_documents/1.
2,0,0,0,0,0.9366721892483977,-0.3502073812594673,0,0,schwieger-j/all_documents/16.
1,0,0,0,0,-0.06975647374412476,0.9975640502598243,0,0,schwieger-j/all_documents/47.
3,0,0,0,0,-0.955019944457187,0.2965415749755698,0,0,schwieger-j/deleted_items/9.
1,1,0,0,0,0.9187912101488984,-0.39474385638426707,0,0,schwieger-j/sent_items/145.
1,1,0,0,0,-0.5262139236518696,-0.8503522249955628,0,1,schwieger-j/sent_items/75.
1,1,0,0,0,-0.9396926207859085,0.34202014332566816,0,0,scott-s/_sent_mail/1278.
1,0,0,0,0,0.6527597524627227,-0.7575649843840494,0,1,scott-s/_sent_mail/438.
1,0,0,0,0,0.8064446042674828,-0.5913096483635821,0,1,scott-s/_sent_mail/446.
1,1,0,0,0,0.6915130557822694,-0.7223639620597555,0,1,scott-s/_sent_mail/811.
67,1,0,0,0,0.9153114791194472,-0.40274668985873713,0,0,scott-s/all_documents/347.
9,0,0,0,0,0.2036417511401777,-0.9790454724845838,0,1,scott-s/deleted_items/83.
0,0,0,0,0,-0.8660254037844385,-0.5000000000000004,0,1,scott-s/discussion_threads/89.
4,0,0,0,0,0.7798844830928817,-0.6259234721840591,0,1,scott-s/inbox/16.
8,1,0,0,0,0.9222009716704519,-0.3867109616368205,0,0,scott-s/inbox/330.
1,0,0,0,0,-0.8746197071393959,-0.48480962024633684,0,1,scott-s/notes_inbox/222.
1,1,0,0,0,0.9753423205085128,0.22069743502150085,0,0,scott-s/sent_items/418.
1,1,0,0,0,0.6560590289905073,-0.754709580222772,0,1,scott-s/sent_items/607.
1,0,0,0,0,-0.9890158633619168,-0.14780941112961046,0,1,scott-s/wordsmith/43.
2,0,0,0,0,-0.7489557207890022,-0.6626200482157374,0,1,semperger-c/deleted_items/66.
1,0,0,0,0,-0.7960020025346223,-0.6052939880428941,0,1,semperger-c/sent_items/246.
3,0,0,0,0,0.3746065934159118,-0.9271838545667875,0,1,semperger-c/sent_items/250.
1,0,0,0,0,0.9896513868196702,-0.14349262199117915,0,0,shackleton-s/all_documents/11012.
1,0,0,0,0,0.47331966718484336,0.8808907382053855,0,0,shackleton-s/all_documents/11325.
2,1,0,0,0,0.15643446504023054,-0.9876883405951378,0,1,shackleton-s/all_documents/11460.
1,0,0,0,0,0.984807753012208,0.17364817766693041,0,0,shackleton-s/all_documents/1525.
4,0,0,0,0,0.8314696123025451,0.5555702330196024,0,0,shackleton-s/all_documents/2215.
1,1,0,0,0,0.27144044986507426,0.9624552364536473,0,0,shackleton-s/all_documents/2820.
14,0,0,0,0,0.49621650367520803,-0.8681988144891424,0,1,shackleton-s/all_documents/4308.
10,1,0,0,0,0.3907311284892737,0.9205048534524404,0,0,shackleton-s/all_documents/4580.
2,0,0,0,0,0.6494480483301838,-0.7604059656000309,0,1,shackleton-s/all_documents/4707.
1,1,0,0,0,0.9304175679820246,0.3665012267242973,0,0,shackleton-s/all_documents/770.
2,1,0,0,0,0.6087614290087209,-0.793353340291235,0,1,shackleton-s/deleted_items/375.
40,1,0,0,0,0.5628049276950684,-0.8265897491271887,0,1,shackleton-s/inbox/1093.
1,1,0,0,0,0.9381913359224842,-0.3461170570774929,0,0,shackleton-s/inbox/491.
1,0,0,0,0,0.8265897491271889,-0.5628049276950682,0,1,shackleton-s/inbox/798.
7,0,0,0,0,-0.22069743502150088,-0.9753423205085128,0,1,shackleton-s/inbox/974.
3,1,0,0,0,0.5372996083468238,0.8433914458128857,0,0,shackleton-s/notes_inbox/1118.
1,1,0,0,0,0.5948227867513413,-0.8038568606172173,0,1,shackleton-s/notes_inbox/2083.
1,1,0,0,0,0.6593458151000688,0.7518398074789774,0,0,shackleton-s/notes_inbox/2504.
1,0,0,0,0,0.6327053285625162,-0.7743926440821856,0,1,shackleton-s/sent_items/340.
1,0,0,0,0,0.7460573750616996,-0.6658816660008342,0,1,shackleton-s/sent/178.
1,0,0,0,0,0.9753423205085128,0.22069743502150085,0,0,shankman-j/all_documents/161.
1,1,0,0,0,0.9381913359224842,-0.3461170570774929,0,0,shankman-j/all_documents/171.
1,0,0,0,0,0.7193398003386512,0.6946583704589971,0,0,shankman-j/all_documents/179.
1,0,0,0,0,0.9006982393225879,-0.43444525740441703,0,0,shankman-j/discussion_threads/533.
0,0,0,0,0,0.999914327574007,-0.013089595571344452,0,0,shankman-j/inbox/14.
1,0,0,0,0,0.9902680687415704,-0.13917310096006535,0,0,shankman-j/old_email/14.
1,0,0,0,0,0.9992290362407229,0.03925981575906889,0,0,shankman-j/sent/471.
1,1,0,0,0,-0.16504760586067735,0.9862856015372314,0,0,shankman-j/sent/648.
7,0,0,0,0,0.7489557207890022,0.6626200482157374,0,0,shapiro-r/all_documents/1678.
6,0,0,0,0,0.788010753606722,0.6156614753256583,0,0,shapiro-r/all_documents/716.
5,0,0,0,0,0.9469301294951056,0.3214394653031617,0,0,shapiro-r/all_documents/853.
1,0,1,0,0,0.9411760152563707,-0.3379167180033268,0,0,shapiro-r/deleted_items/24.
5,0,0,0,0,-0.7853169308807447,-0.6190939493098343,0,1,shapiro-r/deleted_items/258.
1,0,0,0,0,-0.7906895737438433,-0.6122172800344493,0,1,shapiro-r/deleted_items/774.
7,0,0,0,0,0.2503800040544418,-0.9681476403781076,0,1,shapiro-r/deleted_items/852.
1,0,0,0,0,0.9949685182509117,-0.1001880616120762,0,0,shapiro-r/discussion_threads/1427.
15,0,0,0,0,0.20791169081775931,-0.9781476007338057,0,1,shapiro-r/gas_issues/16.
0,1,0,0,0,-0.21643961393810293,-0.9762960071199334,0,1,shapiro-r/granite__2_/24.
0,0,0,0,0,-0.43837114678907707,-0.8987940462991671,0,1,shively-h/contacts/11.
1,1,0,0,0,0.9713420698132614,-0.23768589232617318,0,0,shively-h/deleted_items/150.
58,0,0,0,0,-0.3542910379977154,-0.9351352096860118,1,0,shively-h/deleted_items/410.
1,0,0,0,0,0.12619896913582956,-0.992004949679715,0,1,skilling-j/all_documents/1279.
2,0,0,0,0,0.9523957996432784,-0.30486429902801077,0,0,skilling-j/all_documents/1498.
83,0,0,0,0,-0.6494480483301835,-0.760405965600031,0,1,skilling-j/deleted_items/108.
1,0,0,0,0,0.08280820751220419,-0.9965655024977614,0,1,skilling-j/deleted_items/174.
25,0,0,0,0,0.9990482215818578,0.04361938736533601,0,0,skilling-j/deleted_items/364.
1,1,0,0,0,-0.8929789434111368,-0.4500984410374354,0,1,skilling-j/deleted_items/481.
1,0,0,0,0,-0.6527597524627221,-0.7575649843840498,0,1,skilling-j/deleted_items/91.
1,1,0,0,0,0.5983246005706591,0.8012538126910607,0,0,skilling-j/discussion_threads/1087.
1,0,0,0,0,0.8594064115014528,-0.5112930860770519,0,1,skilling-j/inbox/1507.
2,0,0,0,0,0.45009844103743496,-0.892978943411137,0,1,skilling-j/inbox/1574.
1,1,0,0,0,-0.39474385638426795,0.918791210148898,0,0,skilling-j/inbox/26.
1,0,0,0,0,-0.968147640378108,0.2503800040544406,0,0,skilling-j/inbox/393.
1,0,0,0,0,-0.2292003909224143,-0.9733792584604485,0,1,skilling-j/inbox/44.
1,0,0,0,0,0.6259234721840592,-0.7798844830928817,0,1,skilling-j/inbox/976.
1,0,0,0,0,-0.6427876096865389,-0.7660444431189783,0,1,slinger-r/inbox/41.
1,1,0,0,0,-0.7771459614569702,0.6293203910498382,0,0,smith-m/_sent_mail/242.
1,1,0,0,0,0.8290375725550417,0.5591929034707468,0,0,smith-m/all_documents/81.
1,0,0,0,0,0.7343225094356857,-0.6788007455329415,0,1,smith-m/inbox/108.
16,1,0,0,0,0.3379167180033274,-0.9411760152563705,0,1,smith-m/pipeline_matters/5.
1,0,0,0,0,0.8362861558477597,-0.5482932295199137,0,1,smith-m/sent_items/167.
1,1,0,0,0,0.9117620435770886,0.4107188526134772,0,0,smith-m/sent/19.
1,0,0,0,0,0.6626200482157377,-0.748955720789002,0,1,staab-t/sent_items/57.
1,1,0,0,0,-0.5336145159156115,-0.8457278217039733,0,1,staab-t/to_do_list/9.
1,1,0,0,0,0.6427876096865391,-0.7660444431189782,0,1,stclair-c/all_documents/135.
7,0,0,0,0,0.9483236552061993,0.3173046564050923,0,0,stclair-c/all_documents/2318.
1,1,0,0,0,0.47331966718484336,0.8808907382053855,0,0,stclair-c/all_documents/859.
2,0,0,0,0,0.9998476951563913,0.017452406437283376,0,0,stclair-c/important_e_mails/5.
37,0,0,0,0,0.9455185755993168,-0.32556815445715664,0,0,steffes-j/deleted_items/17.
1,1,0,0,0,0.8767267557075076,-0.48098876891938785,0,0,steffes-j/deleted_items/43.
1,0,0,0,0,-0.9762960071199335,0.21643961393810246,1,0,steffes-j/inbox/176.
1,0,0,0,0,-0.6360782202777646,0.7716245833877194,0,0,steffes-j/inbox/484.
8,1,0,0,0,-0.30070579950427306,-0.9537169507482269,0,1,steffes-j/security___collateral/14.
1,1,0,0,0,-0.9366721892483976,-0.3502073812594676,0,1,steffes-j/sent_items/754.
22,1,0,0,0,0.9781476007338056,0.20791169081775945,0,0,steffes-j/sent_items/768.
1,1,0,0,0,1.0,6.123233995736766e-17,0,0,steffes-j/sent_items/785.
1,1,0,0,0,0.8829475928589269,0.46947156278589086,0,0,stepenovitch-j/all_documents/213.
1,0,0,0,0,0.9681476403781077,0.2503800040544415,0,0,stepenovitch-j/discussion_threads/134.
1,1,0,0,0,0.28819626813408944,-0.9575713608048144,0,1,stepenovitch-j/inbox/111.
1,0,0,0,0,-0.7826081568524138,-0.6225146366376196,0,1,stepenovitch-j/inbox/personal_mail/24.
1,0,0,0,0,-0.20791169081775907,-0.9781476007338057,0,1,stokley-c/chris_stokley/iso/mrkt_info/57.
1,1,0,0,0,-0.04797812852134395,-0.9988483864849507,0,1,stokley-c/chris_stokley/projects/ees_/neil_b_/1.
2,1,0,0,0,0.9025852843498605,-0.43051109680829536,0,0,stokley-c/chris_stokley/sent/132.
1,0,0,0,0,-0.8910065241883678,-0.4539904997395469,0,1,stokley-c/chris_stokley/sent/148.
1,0,0,0,0,-0.22495105434386498,-0.9743700647852352,0,1,stokley-c/chris_stokley/sent/150.
1,0,0,0,0,0.06540312923014312,-0.9978589232386035,0,1,stokley-c/chris_stokley/sent/338.
1,1,0,0,0,-0.8746197071393959,-0.48480962024633684,0,1,stokley-c/chris_stokley/sent/459.
1,0,0,0,0,-0.9816271834476639,0.1908089953765451,0,0,stokley-c/chris_stokley/sent/490.
12,0,0,0,0,0.9563047559630354,-0.2923717047227368,0,0,storey-g/all_documents/2.
1,1,0,0,0,0.5664062369248332,-0.8241261886220155,0,1,storey-g/estate/9.
1,0,0,0,0,-0.9692309097067544,-0.24615329302899286,0,1,swerzbin-m/inbox/88.
1,1,0,0,0,0.5150380749100542,0.8571673007021123,0,0,symes-k/_sent_mail/1016.
4,0,0,0,0,-0.2546019482055278,0.9670459389139431,1,0,symes-k/all_documents/1687.
1,0,0,0,0,0.36243803828370164,0.9320078692827986,0,0,symes-k/all_documents/3008.
1,0,0,0,0,-0.03489949670250171,0.9993908270190957,0,0,symes-k/all_documents/3255.
8,0,0,0,0,0.8480480961564261,-0.5299192642332048,0,1,symes-k/all_documents/621.
1,0,0,0,0,0.9117620435770886,-0.4107188526134773,0,0,symes-k/deal_communication/deal_discrepancies/874.
1,1,0,0,0,0.337916718003327,0.9411760152563706,0,0,symes-k/discussion_threads/1033.
1,0,0,0,0,0.5187732581605218,-0.8549118706729464,0,1,symes-k/discussion_threads/3670.
0,0,0,0,0,-0.5913096483635824,-0.8064446042674825,1,0,symes-k/power_marketer/7.
1,1,0,0,0,0.8767267557075076,-0.48098876891938785,0,0,taylor-m/all_documents/1119.
1,0,0,0,0,0.5446390350150271,0.838670567945424,0,0,taylor-m/all_documents/1271.
2,0,0,0,0,0.9063077870366498,0.4226182617406996,0,0,taylor-m/all_documents/2036.
5,0,0,0,0,0.9575713608048145,-0.28819626813408905,0,0,taylor-m/all_documents/2185.
1,1,0,0,0,0.8571673007021123,0.5150380749100542,0,0,taylor-m/all_documents/2312.
1,0,0,0,0,0.9988483864849507,-0.04797812852134379,0,0,taylor-m/all_documents/2363.
1,1,0,0,0,0.5555702330196025,-0.831469612302545,1,0,taylor-m/all_documents/3395.
4,1,0,0,0,0.6658816660008342,0.7460573750616996,0,0,taylor-m/all_documents/3691.
1,1,0,0,0,0.8241261886220155,-0.566406236924833,0,1,taylor-m/all_documents/3716.
2,1,0,0,0,0.4107188526134773,0.9117620435770886,0,0,taylor-m/all_documents/7415.
1,0,0,0,0,0.7071067811865476,0.7071067811865476,0,0,taylor-m/all_documents/7706.
1,0,0,0,0,0.7223639620597555,0.6915130557822694,0,0,taylor-m/all_documents/816.
232,0,0,0,0,0.6494480483301837,0.7604059656000309,0,0,taylor-m/all_documents/8338.
12,0,0,0,0,-0.9914448613738105,0.13052619222005127,0,0,taylor-m/archive/2001_11/68.
0,0,0,0,0,0.8703556959398997,-0.492423560103467,0,0,taylor-m/contacts/5.
1,0,0,0,0,-0.6494480483301835,-0.760405965600031,0,1,taylor-m/deleted_items/229.
1,0,0,0,0,0.5150380749100542,0.8571673007021123,0,0,taylor-m/notes_inbox/1024.
4,1,0,0,0,0.8314696123025451,0.5555702330196024,0,0,taylor-m/notes_inbox/1492.
7,0,0,0,0,-0.3947438563842672,-0.9187912101488983,0,1,taylor-m/notes_inbox/987.
5,0,0,0,0,-0.9483236552061993,0.31730465640509226,0,0,taylor-m/online_trading/credit_derivatives/87.
1,0,0,0,0,-0.13052619222005177,-0.9914448613738104,0,1,taylor-m/sent/557.
1,0,0,0,0,0.7960020025346222,-0.6052939880428942,0,1,taylor-m/sent/828.
13,0,0,0,0,0.15643446504023054,-0.9876883405951378,0,1,taylor-m/time_off/39.
1,0,0,0,0,-0.9762960071199335,0.21643961393810246,0,0,taylor-m/travel/15.
1,1,0,0,0,0.8216469379421637,-0.569996762596303,0,1,tholt-j/_sent_mail/163.
1,1,0,0,0,0.7798844830928817,0.6259234721840591,0,0,tholt-j/_sent_mail/18.
1,1,0,0,0,0.6755902076156602,0.7372773368101241,0,0,tholt-j/_sent_mail/83.
1,1,0,0,0,0.11753739745783798,-0.9930684569549263,0,1,tholt-j/deleted_items/139.
121,0,0,0,0,-0.7933533402912349,-0.6087614290087209,0,1,tholt-j/janie/138.
1,1,0,0,0,0.8216469379421637,-0.569996762596303,0,1,tholt-j/janie/33.
1,0,0,0,0,0.5224985647159488,0.8526401643540923,0,0,thomas-p/deleted_items/101.
1,0,0,0,0,0.07845909572784551,-0.996917333733128,0,1,thomas-p/deleted_items/321.
1,0,0,0,0,-0.14349262199117954,-0.9896513868196701,0,1,tycholiz-b/_sent_mail/15.
2,0,0,0,0,-0.08715574274765794,-0.9961946980917455,0,1,tycholiz-b/deleted_items/21.
4,1,0,0,0,-0.9914448613738105,0.13052619222005127,0,0,tycholiz-b/inbox/12.
1,0,0,0,0,-0.41469324265623897,-0.9099612708765432,0,1,tycholiz-b/inbox/335.
0,0,0,0,0,-0.7489557207890022,-0.6626200482157374,0,1,ward-k/contacts/48.
0,0,0,0,0,-0.7489557207890022,-0.6626200482157374,0,1,ward-k/contacts/62.
1,1,0,0,0,-0.8571673007021121,-0.5150380749100544,0,1,ward-k/inbox/316.
1,0,0,0,0,0.9908658973868824,-0.13485093027372275,0,0,ward-k/personal/37.
1,1,0,0,0,0.9288095528719242,-0.3705574375098363,0,0,ward-k/sent_items/741.
1,0,0,0,0,0.026176948307873423,-0.9996573249755573,0,1,watson-k/deleted_items/159.
1,1,0,0,0,-0.9925461516413221,0.12186934340514681,1,0,watson-k/e_mail_bin/38.
3,0,0,0,0,0.9510565162951536,-0.30901699437494734,0,0,watson-k/inbox/153.
10,0,0,0,0,0.013089595571344636,-0.999914327574007,0,1,watson-k/inbox/21.
1,0,0,0,0,0.9972501850994857,-0.074108490195399,0,0,weldon-c/all_documents/90.
2,0,0,0,0,-0.3379167180033272,-0.9411760152563705,0,1,weldon-c/sent_items/171.
9,0,0,0,0,0.9681476403781077,-0.2503800040544414,0,0,whalley-g/_sent_mail/7.
104,0,0,0,0,0.8594064115014527,0.511293086077052,0,0,whalley-g/all_documents/328.
1,0,0,0,0,0.9790454724845838,-0.20364175114017732,0,0,whalley-g/inbox/110.
1,0,0,0,0,0.021814885034561218,-0.9997620270799091,0,1,whalley-g/inbox/317.
1,1,0,0,0,-0.07410849019539895,-0.9972501850994857,0,1,whalley-g/sent_items/77.
0,0,0,0,0,0.9855560590580777,-0.1693495038490246,0,0,whalley-g/test/calendar/78.
0,0,0,0,0,-0.9351352096860117,-0.3542910379977157,0,1,whalley-g/to_do/19.
1,1,0,0,0,0.4383711467890774,0.898794046299167,0,0,whalley-l/_sent_mail/175.
1,1,0,0,0,0.49999999999999994,0.8660254037844387,0,0,whalley-l/_sent_mail/40.
1,0,0,0,0,0.9753423205085128,0.22069743502150085,0,0,whalley-l/all_documents/706.
1,0,0,0,0,-0.7986355100472928,-0.6018150231520483,0,1,whalley-l/notes_inbox/383.
4,0,0,0,0,0.49621650367520803,-0.8681988144891424,0,1,whalley-l/notes_inbox/58.
1,1,0,0,0,0.9896513868196702,-0.14349262199117915,0,0,whalley-l/sent/2.
3,1,0,0,0,-0.8216469379421638,-0.5699967625963028,0,1,white-s/deleted_items/246.
1,0,0,0,0,0.6560590289905073,-0.754709580222772,0,1,white-s/sent_items/140.
2,1,0,0,0,-0.41865973753742813,-0.9081431738250813,0,1,whitt-m/inbox/397.
1,1,0,0,0,0.9469301294951057,-0.3214394653031616,0,0,whitt-m/sent_items/135.
2,1,0,0,0,0.5877852522924732,-0.8090169943749473,0,1,whitt-m/sent_items/373.
3,1,0,0,0,0.9772311064626789,0.21217767215644634,0,0,williams-j/all_documents/6.
1,0,0,0,0,0.5262139236518696,0.8503522249955628,0,0,williams-j/deleted_items/109.
0,0,0,0,0,-0.7101853756232854,-0.7040147244559684,0,1,williams-j/inbox/76.
1,0,0,0,0,-0.891006524188368,0.45399049973954664,0,0,williams-w3/bill_williams_iii/302.
0,0,0,0,0,-0.2588190451025208,-0.9659258262890683,1,0,williams-w3/bill_williams_iii/921.
10,0,0,0,0,-0.6327053285625163,-0.7743926440821854,0,1,williams-w3/schedule_crawler/182.
1,1,0,0,0,-0.10886687485196432,-0.9940563382223196,0,1,williams-w3/sent_items/156.
1,1,0,0,0,-0.955019944457187,0.2965415749755698,0,0,williams-w3/sent_items/478.
1,1,0,0,0,0.5336145159156117,-0.8457278217039732,0,1,williams-w3/sent_items/50.
1,0,0,0,0,0.9988483864849507,-0.04797812852134379,0,0,wolfe-j/07_saved/59.
0,0,0,0,0,-0.6977904598416796,-0.7163019434246547,0,1,wolfe-j/08_saved/15.
1,1,0,0,0,0.45009844103743496,-0.892978943411137,0,1,wolfe-j/09_saved/1.
1,0,0,0,0,-0.6946583704589969,0.7193398003386514,0,0,wolfe-j/deleted_items/28.
1,0,0,0,0,-0.6018150231520483,0.7986355100472928,0,0,wolfe-j/inbox/306.
1,1,0,0,0,0.9600498543859287,0.27982901403099203,0,0,wolfe-j/saved_03/25.
1,1,0,0,0,-0.9743700647852351,-0.22495105434386525,0,1,ybarbo-p/all_documents/75.
8,0,0,0,0,0.40673664307580043,-0.9135454576426008,1,0,ybarbo-p/deleted_items/90.
4,0,0,0,0,0.07410849019539918,-0.9972501850994857,0,1,ybarbo-p/inbox/19.
4,0,0,0,0,-0.598324600570659,-0.8012538126910607,0,1,zipper-a/deleted_items/114.
0,0,0,0,0,-0.39874906892524664,0.9170600743851238,0,0,zipper-a/deleted_items/199.
1,0,0,0,0,-0.5299192642332043,-0.8480480961564263,0,1,zipper-a/deleted_items/427.
1,0,0,0,0,-0.3502073812594677,-0.9366721892483976,0,1,zipper-a/deleted_items/537.
40,0,0,0,0,0.9997620270799091,0.021814885034560937,0,0,zipper-a/inbox/60.
1,0,0,0,0,0.35429103799771566,-0.9351352096860118,0,1,zipper-a/sent_items/23.
1,1,0,0,0,0.8090169943749475,-0.587785252292473,0,1,zipper-a/sent_items/270.
14,0,0,0,0,-0.8703556959399,-0.49242356010346644,0,1,zipper-a/tradecounts/20.
6,0,0,0,0,-0.5913096483635824,-0.8064446042674825,0,1,zufferli-j/calendar/2.
